Location,Year,Age,Sex,Cause of death or injury,Measure,Value,Lower bound,Upper bound
China,2021,All ages,Both,Neglected tropical diseases and malaria,DALY rank,20,,
China,2021,All ages,Both,Neglected tropical diseases and malaria,"DALYs per 100,000",87.52860545249347,56.69391022574965,134.18193707876526
Indonesia,2021,All ages,Both,Neglected tropical diseases and malaria,DALY rank,20,,
Indonesia,2021,All ages,Both,Neglected tropical diseases and malaria,"DALYs per 100,000",345.5917053936104,248.4749341361729,445.15553894614607
Fiji,2021,All ages,Both,Neglected tropical diseases and malaria,DALY rank,22,,
Fiji,2021,All ages,Both,Neglected tropical diseases and malaria,"DALYs per 100,000",329.6289548467701,235.3079781868445,448.91000708851254
Kazakhstan,2021,All ages,Both,Neglected tropical diseases and malaria,DALY rank,22,,
Kazakhstan,2021,All ages,Both,Neglected tropical diseases and malaria,"DALYs per 100,000",62.07634447131823,42.06948316551461,90.17768021153704
Poland,2021,All ages,Both,Neglected tropical diseases and malaria,DALY rank,21,,
Poland,2021,All ages,Both,Neglected tropical diseases and malaria,"DALYs per 100,000",51.940539393163874,33.387941987210574,76.12461293702829
Ukraine,2021,All ages,Both,Neglected tropical diseases and malaria,DALY rank,22,,
Ukraine,2021,All ages,Both,Neglected tropical diseases and malaria,"DALYs per 100,000",94.00348187303473,58.40222028744757,135.71676472802005
Japan,2021,All ages,Both,Neglected tropical diseases and malaria,DALY rank,23,,
Japan,2021,All ages,Both,Neglected tropical diseases and malaria,"DALYs per 100,000",6.898046399460639,4.360883743593294,10.006305839748094
Australia,2021,All ages,Both,Neglected tropical diseases and malaria,DALY rank,23,,
Australia,2021,All ages,Both,Neglected tropical diseases and malaria,"DALYs per 100,000",4.74949572915543,3.1133710673777037,7.323823595366174
Germany,2021,All ages,Both,Neglected tropical diseases and malaria,DALY rank,23,,
Germany,2021,All ages,Both,Neglected tropical diseases and malaria,"DALYs per 100,000",3.958886888321786,2.6979001722670013,5.847720437146921
Argentina,2021,All ages,Both,Neglected tropical diseases and malaria,DALY rank,21,,
Argentina,2021,All ages,Both,Neglected tropical diseases and malaria,"DALYs per 100,000",70.46475072416436,51.95832611319445,93.44492306644737
United States of America,2021,All ages,Both,Neglected tropical diseases and malaria,DALY rank,23,,
United States of America,2021,All ages,Both,Neglected tropical diseases and malaria,"DALYs per 100,000",35.7231466454583,23.46918449333767,53.73976311118729
Cuba,2021,All ages,Both,Neglected tropical diseases and malaria,DALY rank,23,,
Cuba,2021,All ages,Both,Neglected tropical diseases and malaria,"DALYs per 100,000",68.12908032375165,40.494825188786216,111.14812960105664
Peru,2021,All ages,Both,Neglected tropical diseases and malaria,DALY rank,20,,
Peru,2021,All ages,Both,Neglected tropical diseases and malaria,"DALYs per 100,000",245.3141003228995,166.41124604447447,344.2224056119454
Mexico,2021,All ages,Both,Neglected tropical diseases and malaria,DALY rank,22,,
Mexico,2021,All ages,Both,Neglected tropical diseases and malaria,"DALYs per 100,000",132.91469218638736,96.63965069444816,178.94194037927792
Brazil,2021,All ages,Both,Neglected tropical diseases and malaria,DALY rank,20,,
Brazil,2021,All ages,Both,Neglected tropical diseases and malaria,"DALYs per 100,000",310.8802206750012,216.8493018085263,444.22551030682854
Egypt,2021,All ages,Both,Neglected tropical diseases and malaria,DALY rank,22,,
Egypt,2021,All ages,Both,Neglected tropical diseases and malaria,"DALYs per 100,000",97.53918601485375,68.24226642116844,140.16565834073165
India,2021,All ages,Both,Neglected tropical diseases and malaria,DALY rank,21,,
India,2021,All ages,Both,Neglected tropical diseases and malaria,"DALYs per 100,000",315.0903804196515,219.7595226407705,496.3656590377151
Angola,2021,All ages,Both,Neglected tropical diseases and malaria,DALY rank,3,,
Angola,2021,All ages,Both,Neglected tropical diseases and malaria,"DALYs per 100,000",4514.692810000302,2185.3387064845942,8589.242300828171
Kenya,2021,All ages,Both,Neglected tropical diseases and malaria,DALY rank,9,,
Kenya,2021,All ages,Both,Neglected tropical diseases and malaria,"DALYs per 100,000",1497.5614134565365,1018.5995445699258,2131.3198570042664
South Africa,2021,All ages,Both,Neglected tropical diseases and malaria,DALY rank,23,,
South Africa,2021,All ages,Both,Neglected tropical diseases and malaria,"DALYs per 100,000",213.2985036435415,153.79025574639496,303.65176153264815
Ghana,2021,All ages,Both,Neglected tropical diseases and malaria,DALY rank,4,,
Ghana,2021,All ages,Both,Neglected tropical diseases and malaria,"DALYs per 100,000",3655.934959947771,2078.6619435154025,5958.698193366678
China,2021,All ages,Both,Nutritional deficiencies,DALY rank,18,,
China,2021,All ages,Both,Nutritional deficiencies,"DALYs per 100,000",161.65293912268822,109.92951030867528,233.2583315072875
Indonesia,2021,All ages,Both,Nutritional deficiencies,DALY rank,18,,
Indonesia,2021,All ages,Both,Nutritional deficiencies,"DALYs per 100,000",479.63287821602233,372.7088574150178,615.6595755447349
Fiji,2021,All ages,Both,Nutritional deficiencies,DALY rank,19,,
Fiji,2021,All ages,Both,Nutritional deficiencies,"DALYs per 100,000",496.9270751542237,335.3867390126019,725.8182664305255
Kazakhstan,2021,All ages,Both,Nutritional deficiencies,DALY rank,19,,
Kazakhstan,2021,All ages,Both,Nutritional deficiencies,"DALYs per 100,000",454.0853541017631,303.7183494719837,690.3417013201655
Poland,2021,All ages,Both,Nutritional deficiencies,DALY rank,19,,
Poland,2021,All ages,Both,Nutritional deficiencies,"DALYs per 100,000",189.4289220374547,124.53003652255728,279.7850748031981
Ukraine,2021,All ages,Both,Nutritional deficiencies,DALY rank,20,,
Ukraine,2021,All ages,Both,Nutritional deficiencies,"DALYs per 100,000",287.61653765335626,194.673166048826,410.9611125041332
Japan,2021,All ages,Both,Nutritional deficiencies,DALY rank,19,,
Japan,2021,All ages,Both,Nutritional deficiencies,"DALYs per 100,000",95.36618401422298,66.23665505979648,137.646183165396
Australia,2021,All ages,Both,Nutritional deficiencies,DALY rank,19,,
Australia,2021,All ages,Both,Nutritional deficiencies,"DALYs per 100,000",56.38698078348881,37.2626525199685,89.34362574749663
Germany,2021,All ages,Both,Nutritional deficiencies,DALY rank,18,,
Germany,2021,All ages,Both,Nutritional deficiencies,"DALYs per 100,000",127.56105524479003,42.45038873381995,202.84923041342836
Argentina,2021,All ages,Both,Nutritional deficiencies,DALY rank,19,,
Argentina,2021,All ages,Both,Nutritional deficiencies,"DALYs per 100,000",114.19012110177216,77.5590032038379,174.78962931245368
United States of America,2021,All ages,Both,Nutritional deficiencies,DALY rank,19,,
United States of America,2021,All ages,Both,Nutritional deficiencies,"DALYs per 100,000",175.68571978280292,132.04804419487326,232.59794858937087
Cuba,2021,All ages,Both,Nutritional deficiencies,DALY rank,19,,
Cuba,2021,All ages,Both,Nutritional deficiencies,"DALYs per 100,000",245.86438887623353,161.79504078601968,360.2791286064457
Peru,2021,All ages,Both,Nutritional deficiencies,DALY rank,18,,
Peru,2021,All ages,Both,Nutritional deficiencies,"DALYs per 100,000",344.64402512073843,258.64190025498175,459.3070087463643
Mexico,2021,All ages,Both,Nutritional deficiencies,DALY rank,19,,
Mexico,2021,All ages,Both,Nutritional deficiencies,"DALYs per 100,000",261.4334091361182,214.70920836389925,318.82298412853777
Brazil,2021,All ages,Both,Nutritional deficiencies,DALY rank,18,,
Brazil,2021,All ages,Both,Nutritional deficiencies,"DALYs per 100,000",426.8833239615424,301.7057015905954,587.4997708403924
Egypt,2021,All ages,Both,Nutritional deficiencies,DALY rank,18,,
Egypt,2021,All ages,Both,Nutritional deficiencies,"DALYs per 100,000",299.65024294284154,200.63472013108552,433.15101563459496
India,2021,All ages,Both,Nutritional deficiencies,DALY rank,14,,
India,2021,All ages,Both,Nutritional deficiencies,"DALYs per 100,000",1128.4013008026875,792.9380861946507,1568.0804467914127
Angola,2021,All ages,Both,Nutritional deficiencies,DALY rank,16,,
Angola,2021,All ages,Both,Nutritional deficiencies,"DALYs per 100,000",1090.3042612885001,815.2255575637656,1446.3062977146722
Kenya,2021,All ages,Both,Nutritional deficiencies,DALY rank,18,,
Kenya,2021,All ages,Both,Nutritional deficiencies,"DALYs per 100,000",755.4481312594957,615.3058799233607,934.2492066735457
South Africa,2021,All ages,Both,Nutritional deficiencies,DALY rank,19,,
South Africa,2021,All ages,Both,Nutritional deficiencies,"DALYs per 100,000",870.2181786290248,657.1993302573156,1130.4675544682914
Ghana,2021,All ages,Both,Nutritional deficiencies,DALY rank,16,,
Ghana,2021,All ages,Both,Nutritional deficiencies,"DALYs per 100,000",1059.2351510067576,763.1353035521206,1453.0056023625125
China,2021,All ages,Both,Neoplasms,DALY rank,2,,
China,2021,All ages,Both,Neoplasms,"DALYs per 100,000",5006.016508320311,4169.541772541591,5988.068931064523
Indonesia,2021,All ages,Both,Neoplasms,DALY rank,3,,
Indonesia,2021,All ages,Both,Neoplasms,"DALYs per 100,000",2513.159850987246,1987.981458891018,3042.510196176188
Fiji,2021,All ages,Both,Neoplasms,DALY rank,4,,
Fiji,2021,All ages,Both,Neoplasms,"DALYs per 100,000",2579.2532245441903,1935.7030397446886,3369.2208849719505
Kazakhstan,2021,All ages,Both,Neoplasms,DALY rank,3,,
Kazakhstan,2021,All ages,Both,Neoplasms,"DALYs per 100,000",2709.2337826980934,2400.838321334446,3001.575523397535
Poland,2021,All ages,Both,Neoplasms,DALY rank,2,,
Poland,2021,All ages,Both,Neoplasms,"DALYs per 100,000",7165.5613612744155,6558.916265990734,7708.074039821555
Ukraine,2021,All ages,Both,Neoplasms,DALY rank,3,,
Ukraine,2021,All ages,Both,Neoplasms,"DALYs per 100,000",5185.811903214293,3759.0283073692653,6577.029102187374
Japan,2021,All ages,Both,Neoplasms,DALY rank,1,,
Japan,2021,All ages,Both,Neoplasms,"DALYs per 100,000",6244.324571615328,5530.504869117663,6633.988637475715
Australia,2021,All ages,Both,Neoplasms,DALY rank,1,,
Australia,2021,All ages,Both,Neoplasms,"DALYs per 100,000",4418.931635791967,4098.660667889218,4633.328422685426
Germany,2021,All ages,Both,Neoplasms,DALY rank,1,,
Germany,2021,All ages,Both,Neoplasms,"DALYs per 100,000",6147.809532884395,5737.031748935293,6440.896885843553
Argentina,2021,All ages,Both,Neoplasms,DALY rank,3,,
Argentina,2021,All ages,Both,Neoplasms,"DALYs per 100,000",3919.1910110798617,3717.442723729169,4094.4337877248245
United States of America,2021,All ages,Both,Neoplasms,DALY rank,2,,
United States of America,2021,All ages,Both,Neoplasms,"DALYs per 100,000",4826.821627480337,4543.5492013943,5024.192030501738
Cuba,2021,All ages,Both,Neoplasms,DALY rank,3,,
Cuba,2021,All ages,Both,Neoplasms,"DALYs per 100,000",5697.9677151640435,4962.732439872701,6424.806953627353
Peru,2021,All ages,Both,Neoplasms,DALY rank,3,,
Peru,2021,All ages,Both,Neoplasms,"DALYs per 100,000",2590.315175466828,2005.9608044565018,3245.211566159661
Mexico,2021,All ages,Both,Neoplasms,DALY rank,4,,
Mexico,2021,All ages,Both,Neoplasms,"DALYs per 100,000",2414.2724892356487,2142.1024978717123,2691.9071691524564
Brazil,2021,All ages,Both,Neoplasms,DALY rank,3,,
Brazil,2021,All ages,Both,Neoplasms,"DALYs per 100,000",3344.3509061784284,3195.9564606615113,3461.6595870490164
Egypt,2021,All ages,Both,Neoplasms,DALY rank,6,,
Egypt,2021,All ages,Both,Neoplasms,"DALYs per 100,000",1877.8359080105076,1554.8672474909233,2255.1324881677465
India,2021,All ages,Both,Neoplasms,DALY rank,6,,
India,2021,All ages,Both,Neoplasms,"DALYs per 100,000",1847.406028128425,1686.3135802719642,2023.0783961383934
Angola,2021,All ages,Both,Neoplasms,DALY rank,13,,
Angola,2021,All ages,Both,Neoplasms,"DALYs per 100,000",1364.9471488226832,1017.411630936019,1804.275838595288
Kenya,2021,All ages,Both,Neoplasms,DALY rank,10,,
Kenya,2021,All ages,Both,Neoplasms,"DALYs per 100,000",1490.896563910951,1240.7948762150575,1772.8135220402376
South Africa,2021,All ages,Both,Neoplasms,DALY rank,4,,
South Africa,2021,All ages,Both,Neoplasms,"DALYs per 100,000",3131.176759268423,2917.8899054829953,3347.2868984631546
Ghana,2021,All ages,Both,Neoplasms,DALY rank,9,,
Ghana,2021,All ages,Both,Neoplasms,"DALYs per 100,000",1411.3945625568394,1092.1070793997822,1752.1517598771452
China,2021,All ages,Both,Cardiovascular diseases,DALY rank,1,,
China,2021,All ages,Both,Cardiovascular diseases,"DALYs per 100,000",7043.3329507520075,5949.639493315525,8192.329563327638
Indonesia,2021,All ages,Both,Cardiovascular diseases,DALY rank,1,,
Indonesia,2021,All ages,Both,Cardiovascular diseases,"DALYs per 100,000",7281.412721938921,6166.845968077881,8475.98273603827
Fiji,2021,All ages,Both,Cardiovascular diseases,DALY rank,1,,
Fiji,2021,All ages,Both,Cardiovascular diseases,"DALYs per 100,000",8625.159192459794,6782.880721664286,10766.085264973926
Kazakhstan,2021,All ages,Both,Cardiovascular diseases,DALY rank,1,,
Kazakhstan,2021,All ages,Both,Cardiovascular diseases,"DALYs per 100,000",7694.6923440633645,6952.642820672013,8412.634815460558
Poland,2021,All ages,Both,Cardiovascular diseases,DALY rank,1,,
Poland,2021,All ages,Both,Cardiovascular diseases,"DALYs per 100,000",7725.623139701423,7026.6414105857075,8359.098010845351
Ukraine,2021,All ages,Both,Cardiovascular diseases,DALY rank,1,,
Ukraine,2021,All ages,Both,Cardiovascular diseases,"DALYs per 100,000",17537.3716749102,13592.759556855935,21593.64728790002
Japan,2021,All ages,Both,Cardiovascular diseases,DALY rank,2,,
Japan,2021,All ages,Both,Cardiovascular diseases,"DALYs per 100,000",4695.926450045294,4028.7175125305303,5152.756185989252
Australia,2021,All ages,Both,Cardiovascular diseases,DALY rank,3,,
Australia,2021,All ages,Both,Cardiovascular diseases,"DALYs per 100,000",3210.4720978126006,2881.2777791122576,3476.7478324242124
Germany,2021,All ages,Both,Cardiovascular diseases,DALY rank,2,,
Germany,2021,All ages,Both,Cardiovascular diseases,"DALYs per 100,000",6053.4645590175305,5323.594498478005,6541.821745885571
Argentina,2021,All ages,Both,Cardiovascular diseases,DALY rank,2,,
Argentina,2021,All ages,Both,Cardiovascular diseases,"DALYs per 100,000",3951.271472781095,3715.8065485947222,4188.395667863768
United States of America,2021,All ages,Both,Cardiovascular diseases,DALY rank,1,,
United States of America,2021,All ages,Both,Cardiovascular diseases,"DALYs per 100,000",5339.031052879712,4874.687459025682,5655.156382762899
Cuba,2021,All ages,Both,Cardiovascular diseases,DALY rank,2,,
Cuba,2021,All ages,Both,Cardiovascular diseases,"DALYs per 100,000",7008.012358505668,6163.519525223131,7826.396641932843
Peru,2021,All ages,Both,Cardiovascular diseases,DALY rank,5,,
Peru,2021,All ages,Both,Cardiovascular diseases,"DALYs per 100,000",2033.6739039976028,1670.2377367029178,2466.6135358313913
Mexico,2021,All ages,Both,Cardiovascular diseases,DALY rank,3,,
Mexico,2021,All ages,Both,Cardiovascular diseases,"DALYs per 100,000",3246.2179666849465,2912.157791205714,3628.502418722411
Brazil,2021,All ages,Both,Cardiovascular diseases,DALY rank,2,,
Brazil,2021,All ages,Both,Cardiovascular diseases,"DALYs per 100,000",4115.68936174574,3869.4202305384465,4308.520814611187
Egypt,2021,All ages,Both,Cardiovascular diseases,DALY rank,1,,
Egypt,2021,All ages,Both,Cardiovascular diseases,"DALYs per 100,000",7023.740019702883,5902.882419325057,8283.124488654044
India,2021,All ages,Both,Cardiovascular diseases,DALY rank,2,,
India,2021,All ages,Both,Cardiovascular diseases,"DALYs per 100,000",5264.944969313774,4795.571655406493,5766.255164540261
Angola,2021,All ages,Both,Cardiovascular diseases,DALY rank,5,,
Angola,2021,All ages,Both,Cardiovascular diseases,"DALYs per 100,000",2837.8629230540596,2183.0422993604384,3506.760466143719
Kenya,2021,All ages,Both,Cardiovascular diseases,DALY rank,4,,
Kenya,2021,All ages,Both,Cardiovascular diseases,"DALYs per 100,000",2096.3540585238875,1764.8110348803136,2510.911724847446
South Africa,2021,All ages,Both,Cardiovascular diseases,DALY rank,3,,
South Africa,2021,All ages,Both,Cardiovascular diseases,"DALYs per 100,000",4294.231578228215,4029.585650656262,4600.841076082704
Ghana,2021,All ages,Both,Cardiovascular diseases,DALY rank,3,,
Ghana,2021,All ages,Both,Cardiovascular diseases,"DALYs per 100,000",3953.951869315695,3179.0752540447247,4785.300814125671
China,2021,All ages,Both,Chronic respiratory diseases,DALY rank,4,,
China,2021,All ages,Both,Chronic respiratory diseases,"DALYs per 100,000",1815.411814920129,1537.7864785760175,2141.5427840997986
Indonesia,2021,All ages,Both,Chronic respiratory diseases,DALY rank,11,,
Indonesia,2021,All ages,Both,Chronic respiratory diseases,"DALYs per 100,000",1235.1935126280728,1040.8905869575608,1418.0491510470847
Fiji,2021,All ages,Both,Chronic respiratory diseases,DALY rank,10,,
Fiji,2021,All ages,Both,Chronic respiratory diseases,"DALYs per 100,000",1364.41511230887,1056.9743224422914,1661.5386475201342
Kazakhstan,2021,All ages,Both,Chronic respiratory diseases,DALY rank,10,,
Kazakhstan,2021,All ages,Both,Chronic respiratory diseases,"DALYs per 100,000",1253.3472075428795,1092.989371034563,1434.6934621174012
Poland,2021,All ages,Both,Chronic respiratory diseases,DALY rank,13,,
Poland,2021,All ages,Both,Chronic respiratory diseases,"DALYs per 100,000",1049.335392193305,900.3282769059085,1217.6395365493167
Ukraine,2021,All ages,Both,Chronic respiratory diseases,DALY rank,17,,
Ukraine,2021,All ages,Both,Chronic respiratory diseases,"DALYs per 100,000",611.2015453150832,501.3863156591176,728.7212001343615
Japan,2021,All ages,Both,Chronic respiratory diseases,DALY rank,12,,
Japan,2021,All ages,Both,Chronic respiratory diseases,"DALYs per 100,000",1005.9617026197838,894.9233237934541,1115.3640621905106
Australia,2021,All ages,Both,Chronic respiratory diseases,DALY rank,8,,
Australia,2021,All ages,Both,Chronic respiratory diseases,"DALYs per 100,000",1136.8576771028445,1004.2557854639639,1297.850020786422
Germany,2021,All ages,Both,Chronic respiratory diseases,DALY rank,11,,
Germany,2021,All ages,Both,Chronic respiratory diseases,"DALYs per 100,000",1316.6506466047524,1205.2286813985631,1432.2226608738667
Argentina,2021,All ages,Both,Chronic respiratory diseases,DALY rank,11,,
Argentina,2021,All ages,Both,Chronic respiratory diseases,"DALYs per 100,000",991.8203769753798,894.8753633904353,1126.430892964929
United States of America,2021,All ages,Both,Chronic respiratory diseases,DALY rank,9,,
United States of America,2021,All ages,Both,Chronic respiratory diseases,"DALYs per 100,000",2009.952810674439,1828.3700182149073,2212.7070429332525
Cuba,2021,All ages,Both,Chronic respiratory diseases,DALY rank,13,,
Cuba,2021,All ages,Both,Chronic respiratory diseases,"DALYs per 100,000",1206.5109675275492,1059.3945371280215,1358.194382924614
Peru,2021,All ages,Both,Chronic respiratory diseases,DALY rank,15,,
Peru,2021,All ages,Both,Chronic respiratory diseases,"DALYs per 100,000",656.4124066390776,533.3429667934237,813.9693971614898
Mexico,2021,All ages,Both,Chronic respiratory diseases,DALY rank,16,,
Mexico,2021,All ages,Both,Chronic respiratory diseases,"DALYs per 100,000",702.5222853322215,628.1354813239353,794.3386194605794
Brazil,2021,All ages,Both,Chronic respiratory diseases,DALY rank,15,,
Brazil,2021,All ages,Both,Chronic respiratory diseases,"DALYs per 100,000",899.1594881717236,820.6680426135536,1007.9438305105049
Egypt,2021,All ages,Both,Chronic respiratory diseases,DALY rank,15,,
Egypt,2021,All ages,Both,Chronic respiratory diseases,"DALYs per 100,000",554.3193459104447,470.759924802758,652.877557775166
India,2021,All ages,Both,Chronic respiratory diseases,DALY rank,4,,
India,2021,All ages,Both,Chronic respiratory diseases,"DALYs per 100,000",2260.5068179417176,2020.7285443281041,2549.068290241559
Angola,2021,All ages,Both,Chronic respiratory diseases,DALY rank,20,,
Angola,2021,All ages,Both,Chronic respiratory diseases,"DALYs per 100,000",538.0297630313921,426.2779977042939,671.6937598128973
Kenya,2021,All ages,Both,Chronic respiratory diseases,DALY rank,20,,
Kenya,2021,All ages,Both,Chronic respiratory diseases,"DALYs per 100,000",635.1497421085322,453.7650767372389,1100.8436051774909
South Africa,2021,All ages,Both,Chronic respiratory diseases,DALY rank,16,,
South Africa,2021,All ages,Both,Chronic respiratory diseases,"DALYs per 100,000",1094.7839512712533,1011.2410162552012,1200.1913528375458
Ghana,2021,All ages,Both,Chronic respiratory diseases,DALY rank,20,,
Ghana,2021,All ages,Both,Chronic respiratory diseases,"DALYs per 100,000",460.06672941916935,377.3652649542874,555.5025197849047
China,2021,All ages,Both,Digestive diseases,DALY rank,12,,
China,2021,All ages,Both,Digestive diseases,"DALYs per 100,000",729.3190265583308,608.7598069446639,861.5366736132921
Indonesia,2021,All ages,Both,Digestive diseases,DALY rank,4,,
Indonesia,2021,All ages,Both,Digestive diseases,"DALYs per 100,000",1751.0373698047774,1486.1632788785078,2075.834895369849
Fiji,2021,All ages,Both,Digestive diseases,DALY rank,16,,
Fiji,2021,All ages,Both,Digestive diseases,"DALYs per 100,000",684.373983199966,547.1976539281177,840.0393859945827
Kazakhstan,2021,All ages,Both,Digestive diseases,DALY rank,5,,
Kazakhstan,2021,All ages,Both,Digestive diseases,"DALYs per 100,000",1835.6181530090166,1574.2660977715473,2178.5632624057575
Poland,2021,All ages,Both,Digestive diseases,DALY rank,7,,
Poland,2021,All ages,Both,Digestive diseases,"DALYs per 100,000",1782.327382474462,1602.9581099353536,1963.9911297325611
Ukraine,2021,All ages,Both,Digestive diseases,DALY rank,7,,
Ukraine,2021,All ages,Both,Digestive diseases,"DALYs per 100,000",2229.327845395275,1692.7335115423864,2811.542782388874
Japan,2021,All ages,Both,Digestive diseases,DALY rank,11,,
Japan,2021,All ages,Both,Digestive diseases,"DALYs per 100,000",1034.746699115349,913.6480919998327,1171.054954938687
Australia,2021,All ages,Both,Digestive diseases,DALY rank,12,,
Australia,2021,All ages,Both,Digestive diseases,"DALYs per 100,000",750.4226233381945,655.5917651034003,861.8800373241153
Germany,2021,All ages,Both,Digestive diseases,DALY rank,10,,
Germany,2021,All ages,Both,Digestive diseases,"DALYs per 100,000",1349.4055122499772,1234.41025634805,1482.7016121770207
Argentina,2021,All ages,Both,Digestive diseases,DALY rank,10,,
Argentina,2021,All ages,Both,Digestive diseases,"DALYs per 100,000",1060.9258434041801,963.6309216544993,1191.9089339006393
United States of America,2021,All ages,Both,Digestive diseases,DALY rank,12,,
United States of America,2021,All ages,Both,Digestive diseases,"DALYs per 100,000",1178.7928588589853,1087.259633026036,1287.5753331720314
Cuba,2021,All ages,Both,Digestive diseases,DALY rank,11,,
Cuba,2021,All ages,Both,Digestive diseases,"DALYs per 100,000",1332.436981679315,1162.6227012887296,1542.8261879170132
Peru,2021,All ages,Both,Digestive diseases,DALY rank,10,,
Peru,2021,All ages,Both,Digestive diseases,"DALYs per 100,000",1229.0270082974662,1000.9224748251371,1525.4446622068328
Mexico,2021,All ages,Both,Digestive diseases,DALY rank,9,,
Mexico,2021,All ages,Both,Digestive diseases,"DALYs per 100,000",1909.321718381557,1687.2737290075518,2152.9027169991928
Brazil,2021,All ages,Both,Digestive diseases,DALY rank,11,,
Brazil,2021,All ages,Both,Digestive diseases,"DALYs per 100,000",1250.0656361477793,1145.3770989757677,1391.807748640857
Egypt,2021,All ages,Both,Digestive diseases,DALY rank,8,,
Egypt,2021,All ages,Both,Digestive diseases,"DALYs per 100,000",1532.4437552281747,1270.4865894762577,1834.9695628328632
India,2021,All ages,Both,Digestive diseases,DALY rank,12,,
India,2021,All ages,Both,Digestive diseases,"DALYs per 100,000",1245.8638593942962,947.1946933372586,1545.3013302096779
Angola,2021,All ages,Both,Digestive diseases,DALY rank,15,,
Angola,2021,All ages,Both,Digestive diseases,"DALYs per 100,000",1173.17993496761,890.5597579454881,1513.368250982292
Kenya,2021,All ages,Both,Digestive diseases,DALY rank,11,,
Kenya,2021,All ages,Both,Digestive diseases,"DALYs per 100,000",1401.32261741214,1044.725825110035,1972.9893580014386
South Africa,2021,All ages,Both,Digestive diseases,DALY rank,17,,
South Africa,2021,All ages,Both,Digestive diseases,"DALYs per 100,000",1037.6638723756132,941.3090109137903,1155.811609046653
Ghana,2021,All ages,Both,Digestive diseases,DALY rank,13,,
Ghana,2021,All ages,Both,Digestive diseases,"DALYs per 100,000",1178.4859263956173,934.138779345409,1457.5177118997262
China,2021,All ages,Both,Neurological disorders,DALY rank,6,,
China,2021,All ages,Both,Neurological disorders,"DALYs per 100,000",1548.5107701296467,925.135716862538,2489.762307027133
Indonesia,2021,All ages,Both,Neurological disorders,DALY rank,12,,
Indonesia,2021,All ages,Both,Neurological disorders,"DALYs per 100,000",1124.0386150256986,495.31954132462175,2001.3346309665192
Fiji,2021,All ages,Both,Neurological disorders,DALY rank,12,,
Fiji,2021,All ages,Both,Neurological disorders,"DALYs per 100,000",1131.7144631523377,615.9142946260683,1895.8202512477326
Kazakhstan,2021,All ages,Both,Neurological disorders,DALY rank,12,,
Kazakhstan,2021,All ages,Both,Neurological disorders,"DALYs per 100,000",1213.4867084864215,658.3563693921488,2015.8733754541774
Poland,2021,All ages,Both,Neurological disorders,DALY rank,5,,
Poland,2021,All ages,Both,Neurological disorders,"DALYs per 100,000",2039.3261751242214,1297.1921157203285,3120.212687701141
Ukraine,2021,All ages,Both,Neurological disorders,DALY rank,8,,
Ukraine,2021,All ages,Both,Neurological disorders,"DALYs per 100,000",1838.5173751635782,1119.081964259495,2824.6648318783477
Japan,2021,All ages,Both,Neurological disorders,DALY rank,4,,
Japan,2021,All ages,Both,Neurological disorders,"DALYs per 100,000",2965.4172538881544,1823.3454012223206,4821.194060318449
Australia,2021,All ages,Both,Neurological disorders,DALY rank,5,,
Australia,2021,All ages,Both,Neurological disorders,"DALYs per 100,000",1888.175661573089,1194.313955983447,2915.1564574351914
Germany,2021,All ages,Both,Neurological disorders,DALY rank,4,,
Germany,2021,All ages,Both,Neurological disorders,"DALYs per 100,000",3035.690637080264,1897.0521727305054,4799.394310845271
Argentina,2021,All ages,Both,Neurological disorders,DALY rank,9,,
Argentina,2021,All ages,Both,Neurological disorders,"DALYs per 100,000",1326.721367704125,802.6725594924219,2092.708693678162
United States of America,2021,All ages,Both,Neurological disorders,DALY rank,8,,
United States of America,2021,All ages,Both,Neurological disorders,"DALYs per 100,000",2245.4328160432356,1389.8034742297623,3515.7456275323657
Cuba,2021,All ages,Both,Neurological disorders,DALY rank,9,,
Cuba,2021,All ages,Both,Neurological disorders,"DALYs per 100,000",1569.5953074302035,944.1845774171396,2509.2636419264954
Peru,2021,All ages,Both,Neurological disorders,DALY rank,12,,
Peru,2021,All ages,Both,Neurological disorders,"DALYs per 100,000",1023.0272546109042,619.5929914055924,1565.961923183991
Mexico,2021,All ages,Both,Neurological disorders,DALY rank,11,,
Mexico,2021,All ages,Both,Neurological disorders,"DALYs per 100,000",1327.8095507371088,791.0231485202196,2110.980840580708
Brazil,2021,All ages,Both,Neurological disorders,DALY rank,9,,
Brazil,2021,All ages,Both,Neurological disorders,"DALYs per 100,000",1678.905227943387,903.5963643965122,2761.3811220383127
Egypt,2021,All ages,Both,Neurological disorders,DALY rank,10,,
Egypt,2021,All ages,Both,Neurological disorders,"DALYs per 100,000",1051.8471001243056,497.2055293836106,1828.8230901855004
India,2021,All ages,Both,Neurological disorders,DALY rank,16,,
India,2021,All ages,Both,Neurological disorders,"DALYs per 100,000",1102.6489629505368,562.7478748655582,1878.725197970655
Angola,2021,All ages,Both,Neurological disorders,DALY rank,17,,
Angola,2021,All ages,Both,Neurological disorders,"DALYs per 100,000",996.3991373511836,593.6841679891945,1575.189498671344
Kenya,2021,All ages,Both,Neurological disorders,DALY rank,15,,
Kenya,2021,All ages,Both,Neurological disorders,"DALYs per 100,000",954.9093509412305,614.2474170529681,1447.6174178032
South Africa,2021,All ages,Both,Neurological disorders,DALY rank,15,,
South Africa,2021,All ages,Both,Neurological disorders,"DALYs per 100,000",1178.2535854648477,707.9551889336632,1880.5121475802682
Ghana,2021,All ages,Both,Neurological disorders,DALY rank,15,,
Ghana,2021,All ages,Both,Neurological disorders,"DALYs per 100,000",1071.2772316630162,590.6006664345756,1773.559564837733
China,2021,All ages,Both,Mental disorders,DALY rank,5,,
China,2021,All ages,Both,Mental disorders,"DALYs per 100,000",1631.2784697458303,1243.7778486652055,2068.414773395392
Indonesia,2021,All ages,Both,Mental disorders,DALY rank,8,,
Indonesia,2021,All ages,Both,Mental disorders,"DALYs per 100,000",1642.5772707996698,1236.27614669635,2093.2631851259735
Fiji,2021,All ages,Both,Mental disorders,DALY rank,8,,
Fiji,2021,All ages,Both,Mental disorders,"DALYs per 100,000",1651.865080952895,1235.5682147470332,2162.0898548897003
Kazakhstan,2021,All ages,Both,Mental disorders,DALY rank,9,,
Kazakhstan,2021,All ages,Both,Mental disorders,"DALYs per 100,000",1652.6321787976067,1246.8489537033734,2136.318362650569
Poland,2021,All ages,Both,Mental disorders,DALY rank,8,,
Poland,2021,All ages,Both,Mental disorders,"DALYs per 100,000",1749.9305687566691,1324.2975237841429,2201.7033188160362
Ukraine,2021,All ages,Both,Mental disorders,DALY rank,5,,
Ukraine,2021,All ages,Both,Mental disorders,"DALYs per 100,000",2283.5679291358274,1669.1106977988552,3002.090007431088
Japan,2021,All ages,Both,Mental disorders,DALY rank,6,,
Japan,2021,All ages,Both,Mental disorders,"DALYs per 100,000",1759.0588727809288,1331.3739618840834,2200.0590885099773
Australia,2021,All ages,Both,Mental disorders,DALY rank,4,,
Australia,2021,All ages,Both,Mental disorders,"DALYs per 100,000",2865.397599109068,2131.622039571493,3660.620661793854
Germany,2021,All ages,Both,Mental disorders,DALY rank,5,,
Germany,2021,All ages,Both,Mental disorders,"DALYs per 100,000",2546.620040365244,1827.5745153549203,3334.5633472764202
Argentina,2021,All ages,Both,Mental disorders,DALY rank,5,,
Argentina,2021,All ages,Both,Mental disorders,"DALYs per 100,000",2242.9991049509495,1639.4264478885864,2919.6382045050427
United States of America,2021,All ages,Both,Mental disorders,DALY rank,5,,
United States of America,2021,All ages,Both,Mental disorders,"DALYs per 100,000",2783.159064215744,2067.6482082433176,3564.4128309504613
Cuba,2021,All ages,Both,Mental disorders,DALY rank,4,,
Cuba,2021,All ages,Both,Mental disorders,"DALYs per 100,000",2431.3071187801525,1807.3073722509089,3227.869058682874
Peru,2021,All ages,Both,Mental disorders,DALY rank,4,,
Peru,2021,All ages,Both,Mental disorders,"DALYs per 100,000",2134.8957756972836,1521.4906185432412,2835.971670333003
Mexico,2021,All ages,Both,Mental disorders,DALY rank,6,,
Mexico,2021,All ages,Both,Mental disorders,"DALYs per 100,000",2173.115282586303,1621.9173614689025,2791.6491004653353
Brazil,2021,All ages,Both,Mental disorders,DALY rank,4,,
Brazil,2021,All ages,Both,Mental disorders,"DALYs per 100,000",2794.5063071137433,2048.8620286066384,3600.645628333384
Egypt,2021,All ages,Both,Mental disorders,DALY rank,3,,
Egypt,2021,All ages,Both,Mental disorders,"DALYs per 100,000",2133.351839980255,1539.987628243426,2787.0504779796343
India,2021,All ages,Both,Mental disorders,DALY rank,5,,
India,2021,All ages,Both,Mental disorders,"DALYs per 100,000",1971.9482479520664,1464.7323981571894,2529.437593368545
Angola,2021,All ages,Both,Mental disorders,DALY rank,8,,
Angola,2021,All ages,Both,Mental disorders,"DALYs per 100,000",1919.4794252352137,1397.1649013657707,2593.263037997102
Kenya,2021,All ages,Both,Mental disorders,DALY rank,6,,
Kenya,2021,All ages,Both,Mental disorders,"DALYs per 100,000",1848.0299511530068,1372.1328270480997,2393.8481119092644
South Africa,2021,All ages,Both,Mental disorders,DALY rank,10,,
South Africa,2021,All ages,Both,Mental disorders,"DALYs per 100,000",2199.838920880066,1636.7217589078975,2861.857984802041
Ghana,2021,All ages,Both,Mental disorders,DALY rank,7,,
Ghana,2021,All ages,Both,Mental disorders,"DALYs per 100,000",1682.2490068669954,1220.1177906331336,2247.331432118252
China,2021,All ages,Both,Musculoskeletal disorders,DALY rank,3,,
China,2021,All ages,Both,Musculoskeletal disorders,"DALYs per 100,000",2138.0785629767,1528.9261858614154,2925.2459740410955
Indonesia,2021,All ages,Both,Musculoskeletal disorders,DALY rank,6,,
Indonesia,2021,All ages,Both,Musculoskeletal disorders,"DALYs per 100,000",1718.2801682557626,1250.074473058368,2305.953244349264
Fiji,2021,All ages,Both,Musculoskeletal disorders,DALY rank,9,,
Fiji,2021,All ages,Both,Musculoskeletal disorders,"DALYs per 100,000",1569.8379471586406,1123.0255677459525,2112.1113226978177
Kazakhstan,2021,All ages,Both,Musculoskeletal disorders,DALY rank,7,,
Kazakhstan,2021,All ages,Both,Musculoskeletal disorders,"DALYs per 100,000",1818.8068344277071,1320.4981426658233,2460.894148398785
Poland,2021,All ages,Both,Musculoskeletal disorders,DALY rank,4,,
Poland,2021,All ages,Both,Musculoskeletal disorders,"DALYs per 100,000",3103.3517428476666,2267.595309785191,4203.379069714426
Ukraine,2021,All ages,Both,Musculoskeletal disorders,DALY rank,4,,
Ukraine,2021,All ages,Both,Musculoskeletal disorders,"DALYs per 100,000",3051.5620834970036,2218.284063134646,4155.0573936097
Japan,2021,All ages,Both,Musculoskeletal disorders,DALY rank,3,,
Japan,2021,All ages,Both,Musculoskeletal disorders,"DALYs per 100,000",4061.4990242510767,2948.196523557943,5495.535849067592
Australia,2021,All ages,Both,Musculoskeletal disorders,DALY rank,2,,
Australia,2021,All ages,Both,Musculoskeletal disorders,"DALYs per 100,000",3233.3430145580537,2374.6039549715215,4332.662460730688
Germany,2021,All ages,Both,Musculoskeletal disorders,DALY rank,3,,
Germany,2021,All ages,Both,Musculoskeletal disorders,"DALYs per 100,000",3281.4982021519118,2389.102744885745,4446.672635484482
Argentina,2021,All ages,Both,Musculoskeletal disorders,DALY rank,4,,
Argentina,2021,All ages,Both,Musculoskeletal disorders,"DALYs per 100,000",2883.343807408501,2121.6683834537716,3845.771329839275
United States of America,2021,All ages,Both,Musculoskeletal disorders,DALY rank,4,,
United States of America,2021,All ages,Both,Musculoskeletal disorders,"DALYs per 100,000",3593.561486008413,2661.2836087106866,4736.8235783993405
Cuba,2021,All ages,Both,Musculoskeletal disorders,DALY rank,5,,
Cuba,2021,All ages,Both,Musculoskeletal disorders,"DALYs per 100,000",2339.7579678100246,1699.863180251255,3205.3292609510995
Peru,2021,All ages,Both,Musculoskeletal disorders,DALY rank,6,,
Peru,2021,All ages,Both,Musculoskeletal disorders,"DALYs per 100,000",1826.992612971445,1323.3779126852428,2447.118958641443
Mexico,2021,All ages,Both,Musculoskeletal disorders,DALY rank,5,,
Mexico,2021,All ages,Both,Musculoskeletal disorders,"DALYs per 100,000",2352.8958323180987,1732.138238951824,3123.7958996084144
Brazil,2021,All ages,Both,Musculoskeletal disorders,DALY rank,5,,
Brazil,2021,All ages,Both,Musculoskeletal disorders,"DALYs per 100,000",2558.5976404724456,1883.9812683392736,3407.125861877432
Egypt,2021,All ages,Both,Musculoskeletal disorders,DALY rank,7,,
Egypt,2021,All ages,Both,Musculoskeletal disorders,"DALYs per 100,000",1676.9238754839353,1219.7319164438993,2215.715297832128
India,2021,All ages,Both,Musculoskeletal disorders,DALY rank,7,,
India,2021,All ages,Both,Musculoskeletal disorders,"DALYs per 100,000",1843.7354372480345,1354.4143420013359,2422.1319472159516
Angola,2021,All ages,Both,Musculoskeletal disorders,DALY rank,18,,
Angola,2021,All ages,Both,Musculoskeletal disorders,"DALYs per 100,000",984.164192250136,709.6747417105433,1312.3135696575382
Kenya,2021,All ages,Both,Musculoskeletal disorders,DALY rank,12,,
Kenya,2021,All ages,Both,Musculoskeletal disorders,"DALYs per 100,000",1201.7540769665889,880.6688713508905,1600.997924155733
South Africa,2021,All ages,Both,Musculoskeletal disorders,DALY rank,12,,
South Africa,2021,All ages,Both,Musculoskeletal disorders,"DALYs per 100,000",1629.2927002761044,1196.8428776197654,2149.589253470277
Ghana,2021,All ages,Both,Musculoskeletal disorders,DALY rank,12,,
Ghana,2021,All ages,Both,Musculoskeletal disorders,"DALYs per 100,000",1185.1266013117065,862.9161876259446,1591.2234845701912
China,2021,All ages,Both,Other non-communicable diseases,DALY rank,9,,
China,2021,All ages,Both,Other non-communicable diseases,"DALYs per 100,000",1151.545665556165,868.1572561864026,1530.6914437502674
Indonesia,2021,All ages,Both,Other non-communicable diseases,DALY rank,9,,
Indonesia,2021,All ages,Both,Other non-communicable diseases,"DALYs per 100,000",1467.944837550662,1174.1762635012549,1844.7281172337728
Fiji,2021,All ages,Both,Other non-communicable diseases,DALY rank,6,,
Fiji,2021,All ages,Both,Other non-communicable diseases,"DALYs per 100,000",1744.4312474815479,1410.2362044573842,2168.180412082335
Kazakhstan,2021,All ages,Both,Other non-communicable diseases,DALY rank,6,,
Kazakhstan,2021,All ages,Both,Other non-communicable diseases,"DALYs per 100,000",1822.3060502087037,1502.9328088958796,2191.8984089240985
Poland,2021,All ages,Both,Other non-communicable diseases,DALY rank,10,,
Poland,2021,All ages,Both,Other non-communicable diseases,"DALYs per 100,000",1369.9230986220052,1033.2198968004122,1795.0849300056511
Ukraine,2021,All ages,Both,Other non-communicable diseases,DALY rank,10,,
Ukraine,2021,All ages,Both,Other non-communicable diseases,"DALYs per 100,000",1742.5362978586215,1317.7346744262438,2226.5593159637633
Japan,2021,All ages,Both,Other non-communicable diseases,DALY rank,10,,
Japan,2021,All ages,Both,Other non-communicable diseases,"DALYs per 100,000",1053.133462332889,807.091338911859,1363.0554162393692
Australia,2021,All ages,Both,Other non-communicable diseases,DALY rank,7,,
Australia,2021,All ages,Both,Other non-communicable diseases,"DALYs per 100,000",1306.218998846896,1020.8777398920414,1679.883392627269
Germany,2021,All ages,Both,Other non-communicable diseases,DALY rank,8,,
Germany,2021,All ages,Both,Other non-communicable diseases,"DALYs per 100,000",1647.4793868436477,1277.74419296308,2129.252210070152
Argentina,2021,All ages,Both,Other non-communicable diseases,DALY rank,7,,
Argentina,2021,All ages,Both,Other non-communicable diseases,"DALYs per 100,000",1599.8091588243876,1325.547679603038,1979.0873047849184
United States of America,2021,All ages,Both,Other non-communicable diseases,DALY rank,10,,
United States of America,2021,All ages,Both,Other non-communicable diseases,"DALYs per 100,000",1475.8865295655382,1214.8053311871608,1821.1276566822937
Cuba,2021,All ages,Both,Other non-communicable diseases,DALY rank,10,,
Cuba,2021,All ages,Both,Other non-communicable diseases,"DALYs per 100,000",1493.2497626563747,1138.7011630255174,1978.9482376315643
Peru,2021,All ages,Both,Other non-communicable diseases,DALY rank,7,,
Peru,2021,All ages,Both,Other non-communicable diseases,"DALYs per 100,000",1723.3672774144338,1366.7718130368191,2182.7322074626177
Mexico,2021,All ages,Both,Other non-communicable diseases,DALY rank,8,,
Mexico,2021,All ages,Both,Other non-communicable diseases,"DALYs per 100,000",1959.4018777983279,1625.4926755180597,2365.787973902852
Brazil,2021,All ages,Both,Other non-communicable diseases,DALY rank,7,,
Brazil,2021,All ages,Both,Other non-communicable diseases,"DALYs per 100,000",1922.5236634482974,1606.087996662623,2336.245841988071
Egypt,2021,All ages,Both,Other non-communicable diseases,DALY rank,4,,
Egypt,2021,All ages,Both,Other non-communicable diseases,"DALYs per 100,000",2121.1655728939004,1762.8173078327886,2591.7590486750964
India,2021,All ages,Both,Other non-communicable diseases,DALY rank,8,,
India,2021,All ages,Both,Other non-communicable diseases,"DALYs per 100,000",1632.9335771026788,1299.5796710955517,2057.082029385561
Angola,2021,All ages,Both,Other non-communicable diseases,DALY rank,6,,
Angola,2021,All ages,Both,Other non-communicable diseases,"DALYs per 100,000",2660.2595035261156,2028.273960202985,3523.3033003534765
Kenya,2021,All ages,Both,Other non-communicable diseases,DALY rank,7,,
Kenya,2021,All ages,Both,Other non-communicable diseases,"DALYs per 100,000",1794.745692654512,1402.562361974408,2276.5187228881455
South Africa,2021,All ages,Both,Other non-communicable diseases,DALY rank,11,,
South Africa,2021,All ages,Both,Other non-communicable diseases,"DALYs per 100,000",2015.0314326100658,1635.1328715328164,2475.150055671524
Ghana,2021,All ages,Both,Other non-communicable diseases,DALY rank,5,,
Ghana,2021,All ages,Both,Other non-communicable diseases,"DALYs per 100,000",2935.06414222472,2389.5070257786083,3624.0509350374277
China,2021,All ages,Both,Skin and subcutaneous diseases,DALY rank,13,,
China,2021,All ages,Both,Skin and subcutaneous diseases,"DALYs per 100,000",525.6298148929316,339.7241578239994,772.5961111049296
Indonesia,2021,All ages,Both,Skin and subcutaneous diseases,DALY rank,17,,
Indonesia,2021,All ages,Both,Skin and subcutaneous diseases,"DALYs per 100,000",610.4068314670161,406.94396947539315,875.5076305400386
Fiji,2021,All ages,Both,Skin and subcutaneous diseases,DALY rank,15,,
Fiji,2021,All ages,Both,Skin and subcutaneous diseases,"DALYs per 100,000",693.5248578480378,467.8268354460745,1005.873190667377
Kazakhstan,2021,All ages,Both,Skin and subcutaneous diseases,DALY rank,18,,
Kazakhstan,2021,All ages,Both,Skin and subcutaneous diseases,"DALYs per 100,000",510.0041268602358,325.39943099013215,746.0132808827929
Poland,2021,All ages,Both,Skin and subcutaneous diseases,DALY rank,17,,
Poland,2021,All ages,Both,Skin and subcutaneous diseases,"DALYs per 100,000",450.435911350948,301.13485745659585,642.3846464725302
Ukraine,2021,All ages,Both,Skin and subcutaneous diseases,DALY rank,18,,
Ukraine,2021,All ages,Both,Skin and subcutaneous diseases,"DALYs per 100,000",406.6348413633308,278.0076588289316,568.8414514596896
Japan,2021,All ages,Both,Skin and subcutaneous diseases,DALY rank,14,,
Japan,2021,All ages,Both,Skin and subcutaneous diseases,"DALYs per 100,000",605.9749711409366,391.4967236970668,864.4025276494948
Australia,2021,All ages,Both,Skin and subcutaneous diseases,DALY rank,14,,
Australia,2021,All ages,Both,Skin and subcutaneous diseases,"DALYs per 100,000",578.7242301188131,388.5590407177666,822.8176460412027
Germany,2021,All ages,Both,Skin and subcutaneous diseases,DALY rank,13,,
Germany,2021,All ages,Both,Skin and subcutaneous diseases,"DALYs per 100,000",750.1259441528429,522.5032207041094,1035.220176067508
Argentina,2021,All ages,Both,Skin and subcutaneous diseases,DALY rank,16,,
Argentina,2021,All ages,Both,Skin and subcutaneous diseases,"DALYs per 100,000",659.5596897042508,473.2907220446761,890.6072468657593
United States of America,2021,All ages,Both,Skin and subcutaneous diseases,DALY rank,16,,
United States of America,2021,All ages,Both,Skin and subcutaneous diseases,"DALYs per 100,000",655.8918482589372,455.51109262687606,891.7849075011676
Cuba,2021,All ages,Both,Skin and subcutaneous diseases,DALY rank,15,,
Cuba,2021,All ages,Both,Skin and subcutaneous diseases,"DALYs per 100,000",553.4114819005428,370.7953420459107,796.4290220916173
Peru,2021,All ages,Both,Skin and subcutaneous diseases,DALY rank,16,,
Peru,2021,All ages,Both,Skin and subcutaneous diseases,"DALYs per 100,000",598.1770088711427,390.03381277749565,859.8427011207208
Mexico,2021,All ages,Both,Skin and subcutaneous diseases,DALY rank,17,,
Mexico,2021,All ages,Both,Skin and subcutaneous diseases,"DALYs per 100,000",544.5633740903597,377.50419757243554,763.2387285493153
Brazil,2021,All ages,Both,Skin and subcutaneous diseases,DALY rank,16,,
Brazil,2021,All ages,Both,Skin and subcutaneous diseases,"DALYs per 100,000",649.1036642731355,444.1278922053384,924.3958685054631
Egypt,2021,All ages,Both,Skin and subcutaneous diseases,DALY rank,16,,
Egypt,2021,All ages,Both,Skin and subcutaneous diseases,"DALYs per 100,000",386.3476286374339,256.4864908425252,546.4138514120751
India,2021,All ages,Both,Skin and subcutaneous diseases,DALY rank,20,,
India,2021,All ages,Both,Skin and subcutaneous diseases,"DALYs per 100,000",484.4260949269389,328.96354289842645,687.8156896337264
Angola,2021,All ages,Both,Skin and subcutaneous diseases,DALY rank,21,,
Angola,2021,All ages,Both,Skin and subcutaneous diseases,"DALYs per 100,000",514.9550655833696,354.02667582593074,747.2815316720502
Kenya,2021,All ages,Both,Skin and subcutaneous diseases,DALY rank,22,,
Kenya,2021,All ages,Both,Skin and subcutaneous diseases,"DALYs per 100,000",565.033127236233,378.5301801976232,817.6613877696176
South Africa,2021,All ages,Both,Skin and subcutaneous diseases,DALY rank,21,,
South Africa,2021,All ages,Both,Skin and subcutaneous diseases,"DALYs per 100,000",451.3856259543193,304.813760967231,651.2173255518509
Ghana,2021,All ages,Both,Skin and subcutaneous diseases,DALY rank,21,,
Ghana,2021,All ages,Both,Skin and subcutaneous diseases,"DALYs per 100,000",435.35198142590286,309.0644226331606,607.7300691882637
China,2021,All ages,Both,Sense organ diseases,DALY rank,7,,
China,2021,All ages,Both,Sense organ diseases,"DALYs per 100,000",1391.7580683472752,944.2690274455879,1977.9200558368743
Indonesia,2021,All ages,Both,Sense organ diseases,DALY rank,14,,
Indonesia,2021,All ages,Both,Sense organ diseases,"DALYs per 100,000",937.02961236361,641.05247683652,1316.4750152514162
Fiji,2021,All ages,Both,Sense organ diseases,DALY rank,14,,
Fiji,2021,All ages,Both,Sense organ diseases,"DALYs per 100,000",755.9275553259495,511.61597851458055,1082.990183424737
Kazakhstan,2021,All ages,Both,Sense organ diseases,DALY rank,16,,
Kazakhstan,2021,All ages,Both,Sense organ diseases,"DALYs per 100,000",708.8058705527944,482.7138665312877,1002.272080051101
Poland,2021,All ages,Both,Sense organ diseases,DALY rank,12,,
Poland,2021,All ages,Both,Sense organ diseases,"DALYs per 100,000",1082.893686037634,759.4179222253767,1510.6094871049852
Ukraine,2021,All ages,Both,Sense organ diseases,DALY rank,12,,
Ukraine,2021,All ages,Both,Sense organ diseases,"DALYs per 100,000",1188.3610646014836,838.7416833840853,1657.2945709303958
Japan,2021,All ages,Both,Sense organ diseases,DALY rank,8,,
Japan,2021,All ages,Both,Sense organ diseases,"DALYs per 100,000",1284.1207306522826,887.5486022764929,1797.425220369081
Australia,2021,All ages,Both,Sense organ diseases,DALY rank,10,,
Australia,2021,All ages,Both,Sense organ diseases,"DALYs per 100,000",904.7306145352768,625.7857642796516,1275.9082329106338
Germany,2021,All ages,Both,Sense organ diseases,DALY rank,12,,
Germany,2021,All ages,Both,Sense organ diseases,"DALYs per 100,000",918.9559447694209,644.5563989636527,1286.2654696620716
Argentina,2021,All ages,Both,Sense organ diseases,DALY rank,14,,
Argentina,2021,All ages,Both,Sense organ diseases,"DALYs per 100,000",728.4042813224196,506.93906770546414,1023.5645296659275
United States of America,2021,All ages,Both,Sense organ diseases,DALY rank,14,,
United States of America,2021,All ages,Both,Sense organ diseases,"DALYs per 100,000",910.3591131699673,641.5699676938502,1254.250778519844
Cuba,2021,All ages,Both,Sense organ diseases,DALY rank,12,,
Cuba,2021,All ages,Both,Sense organ diseases,"DALYs per 100,000",1229.0655743867705,865.5716947802143,1723.0309301764933
Peru,2021,All ages,Both,Sense organ diseases,DALY rank,14,,
Peru,2021,All ages,Both,Sense organ diseases,"DALYs per 100,000",799.8660932035467,548.6885192178576,1137.4560719828798
Mexico,2021,All ages,Both,Sense organ diseases,DALY rank,15,,
Mexico,2021,All ages,Both,Sense organ diseases,"DALYs per 100,000",806.1851970041864,556.6522760054712,1128.5382942336987
Brazil,2021,All ages,Both,Sense organ diseases,DALY rank,13,,
Brazil,2021,All ages,Both,Sense organ diseases,"DALYs per 100,000",1058.8789848923316,728.5334666346505,1488.9451980420595
Egypt,2021,All ages,Both,Sense organ diseases,DALY rank,14,,
Egypt,2021,All ages,Both,Sense organ diseases,"DALYs per 100,000",626.3344751089468,428.9355458812632,872.0563194952746
India,2021,All ages,Both,Sense organ diseases,DALY rank,15,,
India,2021,All ages,Both,Sense organ diseases,"DALYs per 100,000",1114.9091022566017,761.1196817878617,1572.6845340981301
Angola,2021,All ages,Both,Sense organ diseases,DALY rank,22,,
Angola,2021,All ages,Both,Sense organ diseases,"DALYs per 100,000",499.2646395472719,332.2529563979887,710.1895637732509
Kenya,2021,All ages,Both,Sense organ diseases,DALY rank,19,,
Kenya,2021,All ages,Both,Sense organ diseases,"DALYs per 100,000",728.5117890838638,498.8936256683152,995.9926653605213
South Africa,2021,All ages,Both,Sense organ diseases,DALY rank,18,,
South Africa,2021,All ages,Both,Sense organ diseases,"DALYs per 100,000",888.404452202344,582.5558453466572,1292.7613487500187
Ghana,2021,All ages,Both,Sense organ diseases,DALY rank,19,,
Ghana,2021,All ages,Both,Sense organ diseases,"DALYs per 100,000",501.32025059658554,340.5869842834598,694.8772287689329
China,2021,All ages,Both,Transport injuries,DALY rank,11,,
China,2021,All ages,Both,Transport injuries,"DALYs per 100,000",892.8328971449982,760.6853663834924,1035.6647077927332
Indonesia,2021,All ages,Both,Transport injuries,DALY rank,15,,
Indonesia,2021,All ages,Both,Transport injuries,"DALYs per 100,000",923.7180958099049,782.9239684949774,1133.1704675815472
Fiji,2021,All ages,Both,Transport injuries,DALY rank,18,,
Fiji,2021,All ages,Both,Transport injuries,"DALYs per 100,000",567.8895839625264,446.896532046497,704.4360164251702
Kazakhstan,2021,All ages,Both,Transport injuries,DALY rank,17,,
Kazakhstan,2021,All ages,Both,Transport injuries,"DALYs per 100,000",672.3584040657377,602.8284637569934,740.5091270803879
Poland,2021,All ages,Both,Transport injuries,DALY rank,16,,
Poland,2021,All ages,Both,Transport injuries,"DALYs per 100,000",596.7476860513784,537.7324045672233,659.3405484232944
Ukraine,2021,All ages,Both,Transport injuries,DALY rank,15,,
Ukraine,2021,All ages,Both,Transport injuries,"DALYs per 100,000",793.2910842329643,616.8700508027321,971.4094942932114
Japan,2021,All ages,Both,Transport injuries,DALY rank,15,,
Japan,2021,All ages,Both,Transport injuries,"DALYs per 100,000",239.80226916841403,205.6039633440741,281.5543736224393
Australia,2021,All ages,Both,Transport injuries,DALY rank,16,,
Australia,2021,All ages,Both,Transport injuries,"DALYs per 100,000",381.4194314437375,341.7393339426898,425.5023464587106
Germany,2021,All ages,Both,Transport injuries,DALY rank,17,,
Germany,2021,All ages,Both,Transport injuries,"DALYs per 100,000",291.92405616272936,258.06228616046315,330.9041555305282
Argentina,2021,All ages,Both,Transport injuries,DALY rank,15,,
Argentina,2021,All ages,Both,Transport injuries,"DALYs per 100,000",726.3692860483941,672.1288152269095,783.7849839842544
United States of America,2021,All ages,Both,Transport injuries,DALY rank,15,,
United States of America,2021,All ages,Both,Transport injuries,"DALYs per 100,000",819.6437322989475,749.6476174597461,904.9412685401803
Cuba,2021,All ages,Both,Transport injuries,DALY rank,16,,
Cuba,2021,All ages,Both,Transport injuries,"DALYs per 100,000",474.8231096251771,417.31059762026865,537.0656909311592
Peru,2021,All ages,Both,Transport injuries,DALY rank,13,,
Peru,2021,All ages,Both,Transport injuries,"DALYs per 100,000",809.2115542262518,661.6236758278732,975.7055392483903
Mexico,2021,All ages,Both,Transport injuries,DALY rank,14,,
Mexico,2021,All ages,Both,Transport injuries,"DALYs per 100,000",858.6814897032656,779.2979365957578,948.2660830260725
Brazil,2021,All ages,Both,Transport injuries,DALY rank,14,,
Brazil,2021,All ages,Both,Transport injuries,"DALYs per 100,000",1017.1622702705821,965.5056137497703,1070.6417892994841
Egypt,2021,All ages,Both,Transport injuries,DALY rank,12,,
Egypt,2021,All ages,Both,Transport injuries,"DALYs per 100,000",778.813296973762,666.9825896662146,906.4743792615053
India,2021,All ages,Both,Transport injuries,DALY rank,18,,
India,2021,All ages,Both,Transport injuries,"DALYs per 100,000",868.8094365490751,786.096121263623,950.1711686108387
Angola,2021,All ages,Both,Transport injuries,DALY rank,7,,
Angola,2021,All ages,Both,Transport injuries,"DALYs per 100,000",2169.181622714186,1634.9196744920862,2793.714935698448
Kenya,2021,All ages,Both,Transport injuries,DALY rank,21,,
Kenya,2021,All ages,Both,Transport injuries,"DALYs per 100,000",584.3590162406091,488.1960078029572,705.7873682039556
South Africa,2021,All ages,Both,Transport injuries,DALY rank,9,,
South Africa,2021,All ages,Both,Transport injuries,"DALYs per 100,000",2318.1598004038083,2139.169609528739,2505.5633741085976
Ghana,2021,All ages,Both,Transport injuries,DALY rank,14,,
Ghana,2021,All ages,Both,Transport injuries,"DALYs per 100,000",1075.3339575678567,838.219796615374,1363.1024021555816
China,2021,All ages,Both,Unintentional injuries,DALY rank,10,,
China,2021,All ages,Both,Unintentional injuries,"DALYs per 100,000",1138.7646500489855,941.0540245346481,1374.327421749337
Indonesia,2021,All ages,Both,Unintentional injuries,DALY rank,13,,
Indonesia,2021,All ages,Both,Unintentional injuries,"DALYs per 100,000",945.839294276588,809.4137891034039,1094.9465221903788
Fiji,2021,All ages,Both,Unintentional injuries,DALY rank,11,,
Fiji,2021,All ages,Both,Unintentional injuries,"DALYs per 100,000",1245.8446937748104,1031.3414612615777,1506.152793377346
Kazakhstan,2021,All ages,Both,Unintentional injuries,DALY rank,8,,
Kazakhstan,2021,All ages,Both,Unintentional injuries,"DALYs per 100,000",1730.9638851712584,1511.3888599564907,2034.0728221377283
Poland,2021,All ages,Both,Unintentional injuries,DALY rank,6,,
Poland,2021,All ages,Both,Unintentional injuries,"DALYs per 100,000",1836.9288323003302,1439.4393501917746,2309.086825272196
Ukraine,2021,All ages,Both,Unintentional injuries,DALY rank,6,,
Ukraine,2021,All ages,Both,Unintentional injuries,"DALYs per 100,000",2252.5644666976937,1739.9305527735446,2812.811027805623
Japan,2021,All ages,Both,Unintentional injuries,DALY rank,7,,
Japan,2021,All ages,Both,Unintentional injuries,"DALYs per 100,000",1393.4860908341398,1122.9339453928146,1740.4418257248349
Australia,2021,All ages,Both,Unintentional injuries,DALY rank,6,,
Australia,2021,All ages,Both,Unintentional injuries,"DALYs per 100,000",1737.371021661527,1308.5505288694767,2269.758592690421
Germany,2021,All ages,Both,Unintentional injuries,DALY rank,9,,
Germany,2021,All ages,Both,Unintentional injuries,"DALYs per 100,000",1645.1106995899856,1304.21748439026,2058.8455808450144
Argentina,2021,All ages,Both,Unintentional injuries,DALY rank,8,,
Argentina,2021,All ages,Both,Unintentional injuries,"DALYs per 100,000",1335.538963648043,1067.3049803670342,1672.0634382880655
United States of America,2021,All ages,Both,Unintentional injuries,DALY rank,11,,
United States of America,2021,All ages,Both,Unintentional injuries,"DALYs per 100,000",1307.136767834528,1080.7896731545443,1615.0909078079628
Cuba,2021,All ages,Both,Unintentional injuries,DALY rank,8,,
Cuba,2021,All ages,Both,Unintentional injuries,"DALYs per 100,000",1646.7835958394915,1387.7119809845024,1972.3481273126495
Peru,2021,All ages,Both,Unintentional injuries,DALY rank,9,,
Peru,2021,All ages,Both,Unintentional injuries,"DALYs per 100,000",1299.7429927592386,1078.030424938973,1583.763488701674
Mexico,2021,All ages,Both,Unintentional injuries,DALY rank,12,,
Mexico,2021,All ages,Both,Unintentional injuries,"DALYs per 100,000",1185.2433887878346,991.5961990491211,1408.464414610554
Brazil,2021,All ages,Both,Unintentional injuries,DALY rank,10,,
Brazil,2021,All ages,Both,Unintentional injuries,"DALYs per 100,000",1268.5622316926351,1086.1457598698512,1499.2697698395805
Egypt,2021,All ages,Both,Unintentional injuries,DALY rank,13,,
Egypt,2021,All ages,Both,Unintentional injuries,"DALYs per 100,000",726.9565553643216,619.3234878690879,864.5201315151822
India,2021,All ages,Both,Unintentional injuries,DALY rank,9,,
India,2021,All ages,Both,Unintentional injuries,"DALYs per 100,000",1567.8146727309609,1332.4142734763855,1789.740967893541
Angola,2021,All ages,Both,Unintentional injuries,DALY rank,12,,
Angola,2021,All ages,Both,Unintentional injuries,"DALYs per 100,000",1450.03346403291,1062.1939721543615,1909.543543014506
Kenya,2021,All ages,Both,Unintentional injuries,DALY rank,16,,
Kenya,2021,All ages,Both,Unintentional injuries,"DALYs per 100,000",943.1246470853588,778.9725960994556,1156.3145839411018
South Africa,2021,All ages,Both,Unintentional injuries,DALY rank,14,,
South Africa,2021,All ages,Both,Unintentional injuries,"DALYs per 100,000",1224.3899609581508,1112.3678367046427,1357.814120475884
Ghana,2021,All ages,Both,Unintentional injuries,DALY rank,17,,
Ghana,2021,All ages,Both,Unintentional injuries,"DALYs per 100,000",1044.0007577180202,790.8216524600513,1340.3448837232233
China,2021,All ages,Both,Self-harm and interpersonal violence,DALY rank,15,,
China,2021,All ages,Both,Self-harm and interpersonal violence,"DALYs per 100,000",431.84397372720105,371.8461138766264,510.2588801270924
Indonesia,2021,All ages,Both,Self-harm and interpersonal violence,DALY rank,21,,
Indonesia,2021,All ages,Both,Self-harm and interpersonal violence,"DALYs per 100,000",197.59217348225786,167.66027950582858,239.50402010717036
Fiji,2021,All ages,Both,Self-harm and interpersonal violence,DALY rank,13,,
Fiji,2021,All ages,Both,Self-harm and interpersonal violence,"DALYs per 100,000",773.0039308593887,604.8049430372813,966.3166750662299
Kazakhstan,2021,All ages,Both,Self-harm and interpersonal violence,DALY rank,11,,
Kazakhstan,2021,All ages,Both,Self-harm and interpersonal violence,"DALYs per 100,000",1226.8050254491454,1106.337992008872,1357.1864593700482
Poland,2021,All ages,Both,Self-harm and interpersonal violence,DALY rank,15,,
Poland,2021,All ages,Both,Self-harm and interpersonal violence,"DALYs per 100,000",743.4676993506918,684.7543767106457,800.6688668250144
Ukraine,2021,All ages,Both,Self-harm and interpersonal violence,DALY rank,11,,
Ukraine,2021,All ages,Both,Self-harm and interpersonal violence,"DALYs per 100,000",1524.7182094589505,1149.290304681915,1945.7706160428897
Japan,2021,All ages,Both,Self-harm and interpersonal violence,DALY rank,13,,
Japan,2021,All ages,Both,Self-harm and interpersonal violence,"DALYs per 100,000",698.4278412406621,677.6754788683503,721.0750168011355
Australia,2021,All ages,Both,Self-harm and interpersonal violence,DALY rank,13,,
Australia,2021,All ages,Both,Self-harm and interpersonal violence,"DALYs per 100,000",670.2734603707119,639.2053273094306,698.7773694274099
Germany,2021,All ages,Both,Self-harm and interpersonal violence,DALY rank,15,,
Germany,2021,All ages,Both,Self-harm and interpersonal violence,"DALYs per 100,000",474.69546507187255,453.19750119466033,497.0715372243433
Argentina,2021,All ages,Both,Self-harm and interpersonal violence,DALY rank,12,,
Argentina,2021,All ages,Both,Self-harm and interpersonal violence,"DALYs per 100,000",826.9601127799035,788.9234290478514,864.4464237117733
United States of America,2021,All ages,Both,Self-harm and interpersonal violence,DALY rank,13,,
United States of America,2021,All ages,Both,Self-harm and interpersonal violence,"DALYs per 100,000",1050.8759724944312,1016.0147460345045,1083.7773398655445
Cuba,2021,All ages,Both,Self-harm and interpersonal violence,DALY rank,14,,
Cuba,2021,All ages,Both,Self-harm and interpersonal violence,"DALYs per 100,000",838.8320452894114,731.6848175282518,946.8106741666774
Peru,2021,All ages,Both,Self-harm and interpersonal violence,DALY rank,17,,
Peru,2021,All ages,Both,Self-harm and interpersonal violence,"DALYs per 100,000",405.31206397297854,333.65018515832816,487.29549644880603
Mexico,2021,All ages,Both,Self-harm and interpersonal violence,DALY rank,7,,
Mexico,2021,All ages,Both,Self-harm and interpersonal violence,"DALYs per 100,000",2120.793817935109,1920.6873494083566,2329.8702583934496
Brazil,2021,All ages,Both,Self-harm and interpersonal violence,DALY rank,6,,
Brazil,2021,All ages,Both,Self-harm and interpersonal violence,"DALYs per 100,000",1974.201753778694,1928.30024311526,2022.545928557716
Egypt,2021,All ages,Both,Self-harm and interpersonal violence,DALY rank,19,,
Egypt,2021,All ages,Both,Self-harm and interpersonal violence,"DALYs per 100,000",245.97687361865565,201.1109194711155,366.55888410243534
India,2021,All ages,Both,Self-harm and interpersonal violence,DALY rank,17,,
India,2021,All ages,Both,Self-harm and interpersonal violence,"DALYs per 100,000",920.7610843788723,795.7122033320352,1010.6279353487537
Angola,2021,All ages,Both,Self-harm and interpersonal violence,DALY rank,19,,
Angola,2021,All ages,Both,Self-harm and interpersonal violence,"DALYs per 100,000",696.9779965058602,553.4302967018979,871.1229569884505
Kenya,2021,All ages,Both,Self-harm and interpersonal violence,DALY rank,17,,
Kenya,2021,All ages,Both,Self-harm and interpersonal violence,"DALYs per 100,000",876.4102451882108,738.7391762255003,1089.9995033880994
South Africa,2021,All ages,Both,Self-harm and interpersonal violence,DALY rank,6,,
South Africa,2021,All ages,Both,Self-harm and interpersonal violence,"DALYs per 100,000",3084.787825890294,2841.7972851984573,3322.9897452088153
Ghana,2021,All ages,Both,Self-harm and interpersonal violence,DALY rank,22,,
Ghana,2021,All ages,Both,Self-harm and interpersonal violence,"DALYs per 100,000",434.91097323880865,340.19395288684154,562.1381833252068
China,2021,All ages,Both,HIV/AIDS and sexually transmitted infections,DALY rank,19,,
China,2021,All ages,Both,HIV/AIDS and sexually transmitted infections,"DALYs per 100,000",125.18856573120544,95.92051044988037,161.38873521722846
Indonesia,2021,All ages,Both,HIV/AIDS and sexually transmitted infections,DALY rank,22,,
Indonesia,2021,All ages,Both,HIV/AIDS and sexually transmitted infections,"DALYs per 100,000",192.249068563501,126.2333793406714,296.10951171564386
Fiji,2021,All ages,Both,HIV/AIDS and sexually transmitted infections,DALY rank,20,,
Fiji,2021,All ages,Both,HIV/AIDS and sexually transmitted infections,"DALYs per 100,000",392.2917492924281,252.38273670496392,608.31419076245
Kazakhstan,2021,All ages,Both,HIV/AIDS and sexually transmitted infections,DALY rank,21,,
Kazakhstan,2021,All ages,Both,HIV/AIDS and sexually transmitted infections,"DALYs per 100,000",99.1111165748332,89.84387366116451,111.24675462317475
Poland,2021,All ages,Both,HIV/AIDS and sexually transmitted infections,DALY rank,23,,
Poland,2021,All ages,Both,HIV/AIDS and sexually transmitted infections,"DALYs per 100,000",28.909890449378466,23.485221188816805,36.335635074110634
Ukraine,2021,All ages,Both,HIV/AIDS and sexually transmitted infections,DALY rank,16,,
Ukraine,2021,All ages,Both,HIV/AIDS and sexually transmitted infections,"DALYs per 100,000",755.2279253886612,729.0737371164689,786.8781416890367
Japan,2021,All ages,Both,HIV/AIDS and sexually transmitted infections,DALY rank,22,,
Japan,2021,All ages,Both,HIV/AIDS and sexually transmitted infections,"DALYs per 100,000",19.576901737672834,13.981547680362292,27.93831734579818
Australia,2021,All ages,Both,HIV/AIDS and sexually transmitted infections,DALY rank,21,,
Australia,2021,All ages,Both,HIV/AIDS and sexually transmitted infections,"DALYs per 100,000",27.46710044766763,21.157564213739693,37.007383772328645
Germany,2021,All ages,Both,HIV/AIDS and sexually transmitted infections,DALY rank,21,,
Germany,2021,All ages,Both,HIV/AIDS and sexually transmitted infections,"DALYs per 100,000",36.57557124363258,30.74770967212076,44.84634294249014
Argentina,2021,All ages,Both,HIV/AIDS and sexually transmitted infections,DALY rank,18,,
Argentina,2021,All ages,Both,HIV/AIDS and sexually transmitted infections,"DALYs per 100,000",228.88271289704286,215.68901282417903,247.3515745357112
United States of America,2021,All ages,Both,HIV/AIDS and sexually transmitted infections,DALY rank,20,,
United States of America,2021,All ages,Both,HIV/AIDS and sexually transmitted infections,"DALYs per 100,000",127.43788267810896,103.61463760542675,158.15880300136453
Cuba,2021,All ages,Both,HIV/AIDS and sexually transmitted infections,DALY rank,20,,
Cuba,2021,All ages,Both,HIV/AIDS and sexually transmitted infections,"DALYs per 100,000",167.52245830636295,151.4242661377479,190.4501627225694
Peru,2021,All ages,Both,HIV/AIDS and sexually transmitted infections,DALY rank,19,,
Peru,2021,All ages,Both,HIV/AIDS and sexually transmitted infections,"DALYs per 100,000",306.0104978189327,265.2612041747958,374.6229217804784
Mexico,2021,All ages,Both,HIV/AIDS and sexually transmitted infections,DALY rank,20,,
Mexico,2021,All ages,Both,HIV/AIDS and sexually transmitted infections,"DALYs per 100,000",251.72075715301216,238.68921982727176,269.93871589007824
Brazil,2021,All ages,Both,HIV/AIDS and sexually transmitted infections,DALY rank,19,,
Brazil,2021,All ages,Both,HIV/AIDS and sexually transmitted infections,"DALYs per 100,000",374.42427357795077,355.2157039349849,398.7407434978835
Egypt,2021,All ages,Both,HIV/AIDS and sexually transmitted infections,DALY rank,23,,
Egypt,2021,All ages,Both,HIV/AIDS and sexually transmitted infections,"DALYs per 100,000",57.198235627266214,41.410853955595066,82.95536213379471
India,2021,All ages,Both,HIV/AIDS and sexually transmitted infections,DALY rank,23,,
India,2021,All ages,Both,HIV/AIDS and sexually transmitted infections,"DALYs per 100,000",229.81145588732943,169.2786013945242,307.0129967221804
Angola,2021,All ages,Both,HIV/AIDS and sexually transmitted infections,DALY rank,4,,
Angola,2021,All ages,Both,HIV/AIDS and sexually transmitted infections,"DALYs per 100,000",3716.6226801421612,2525.6472226463206,5486.683087305666
Kenya,2021,All ages,Both,HIV/AIDS and sexually transmitted infections,DALY rank,2,,
Kenya,2021,All ages,Both,HIV/AIDS and sexually transmitted infections,"DALYs per 100,000",3738.4307983984336,3302.043211371718,4266.888316719407
South Africa,2021,All ages,Both,HIV/AIDS and sexually transmitted infections,DALY rank,2,,
South Africa,2021,All ages,Both,HIV/AIDS and sexually transmitted infections,"DALYs per 100,000",10443.327818503409,9773.670298938081,11163.679790166274
Ghana,2021,All ages,Both,HIV/AIDS and sexually transmitted infections,DALY rank,6,,
Ghana,2021,All ages,Both,HIV/AIDS and sexually transmitted infections,"DALYs per 100,000",2582.1430869632864,1911.9044730952724,3574.829101736178
China,2021,All ages,Both,Respiratory infections and tuberculosis,DALY rank,14,,
China,2021,All ages,Both,Respiratory infections and tuberculosis,"DALYs per 100,000",456.0265719661138,392.4764087129048,525.0232765878447
Indonesia,2021,All ages,Both,Respiratory infections and tuberculosis,DALY rank,2,,
Indonesia,2021,All ages,Both,Respiratory infections and tuberculosis,"DALYs per 100,000",4448.617482560719,3163.7404399766615,6630.506207997557
Fiji,2021,All ages,Both,Respiratory infections and tuberculosis,DALY rank,3,,
Fiji,2021,All ages,Both,Respiratory infections and tuberculosis,"DALYs per 100,000",4791.042418271991,3210.1677760073444,8209.276085454572
Kazakhstan,2021,All ages,Both,Respiratory infections and tuberculosis,DALY rank,2,,
Kazakhstan,2021,All ages,Both,Respiratory infections and tuberculosis,"DALYs per 100,000",6278.913065102791,5290.8720417495215,7237.931408474403
Poland,2021,All ages,Both,Respiratory infections and tuberculosis,DALY rank,3,,
Poland,2021,All ages,Both,Respiratory infections and tuberculosis,"DALYs per 100,000",5400.807685615866,4162.289854144718,6805.977129770033
Ukraine,2021,All ages,Both,Respiratory infections and tuberculosis,DALY rank,2,,
Ukraine,2021,All ages,Both,Respiratory infections and tuberculosis,"DALYs per 100,000",6140.958930312024,5089.685878396111,7503.579193980963
Japan,2021,All ages,Both,Respiratory infections and tuberculosis,DALY rank,9,,
Japan,2021,All ages,Both,Respiratory infections and tuberculosis,"DALYs per 100,000",1059.3184526941795,918.1351687255417,1158.9873289384605
Australia,2021,All ages,Both,Respiratory infections and tuberculosis,DALY rank,15,,
Australia,2021,All ages,Both,Respiratory infections and tuberculosis,"DALYs per 100,000",503.411727413086,440.6717036322611,572.4924064779796
Germany,2021,All ages,Both,Respiratory infections and tuberculosis,DALY rank,6,,
Germany,2021,All ages,Both,Respiratory infections and tuberculosis,"DALYs per 100,000",2094.4580484699277,1996.5582404281063,2211.199631705464
Argentina,2021,All ages,Both,Respiratory infections and tuberculosis,DALY rank,1,,
Argentina,2021,All ages,Both,Respiratory infections and tuberculosis,"DALYs per 100,000",4763.774049755605,4629.148098306856,4946.661786499129
United States of America,2021,All ages,Both,Respiratory infections and tuberculosis,DALY rank,3,,
United States of America,2021,All ages,Both,Respiratory infections and tuberculosis,"DALYs per 100,000",3774.0596913622658,3641.1773561490336,3967.5214626844577
Cuba,2021,All ages,Both,Respiratory infections and tuberculosis,DALY rank,1,,
Cuba,2021,All ages,Both,Respiratory infections and tuberculosis,"DALYs per 100,000",9469.633148301618,8039.093389204381,10956.758548643156
Peru,2021,All ages,Both,Respiratory infections and tuberculosis,DALY rank,1,,
Peru,2021,All ages,Both,Respiratory infections and tuberculosis,"DALYs per 100,000",9097.285315935073,8745.550825144983,9561.911219879506
Mexico,2021,All ages,Both,Respiratory infections and tuberculosis,DALY rank,1,,
Mexico,2021,All ages,Both,Respiratory infections and tuberculosis,"DALYs per 100,000",6698.400858464881,5295.577202224502,8309.453565193084
Brazil,2021,All ages,Both,Respiratory infections and tuberculosis,DALY rank,1,,
Brazil,2021,All ages,Both,Respiratory infections and tuberculosis,"DALYs per 100,000",6321.556617586942,5936.385342969915,6817.939298169937
Egypt,2021,All ages,Both,Respiratory infections and tuberculosis,DALY rank,2,,
Egypt,2021,All ages,Both,Respiratory infections and tuberculosis,"DALYs per 100,000",4291.766539016508,3273.5513119448724,5240.457103091757
India,2021,All ages,Both,Respiratory infections and tuberculosis,DALY rank,1,,
India,2021,All ages,Both,Respiratory infections and tuberculosis,"DALYs per 100,000",5652.429564601142,5282.699701435939,6161.0977872067
Angola,2021,All ages,Both,Respiratory infections and tuberculosis,DALY rank,1,,
Angola,2021,All ages,Both,Respiratory infections and tuberculosis,"DALYs per 100,000",7188.8692811239,5899.540844781374,8677.352953161824
Kenya,2021,All ages,Both,Respiratory infections and tuberculosis,DALY rank,1,,
Kenya,2021,All ages,Both,Respiratory infections and tuberculosis,"DALYs per 100,000",7639.417538150627,6757.16390530636,8474.193541545985
South Africa,2021,All ages,Both,Respiratory infections and tuberculosis,DALY rank,1,,
South Africa,2021,All ages,Both,Respiratory infections and tuberculosis,"DALYs per 100,000",11063.922312540315,10644.878251298145,11585.159996904968
Ghana,2021,All ages,Both,Respiratory infections and tuberculosis,DALY rank,1,,
Ghana,2021,All ages,Both,Respiratory infections and tuberculosis,"DALYs per 100,000",5438.764486257381,4626.617729269181,6317.16847406517
China,2021,All ages,Both,Enteric infections,DALY rank,22,,
China,2021,All ages,Both,Enteric infections,"DALYs per 100,000",24.55211456662639,19.91467081233329,31.03848436703485
Indonesia,2021,All ages,Both,Enteric infections,DALY rank,16,,
Indonesia,2021,All ages,Both,Enteric infections,"DALYs per 100,000",893.3439171276336,665.5375013547872,1152.164781451131
Fiji,2021,All ages,Both,Enteric infections,DALY rank,17,,
Fiji,2021,All ages,Both,Enteric infections,"DALYs per 100,000",579.6738589740994,390.3243401977629,830.4637690904915
Kazakhstan,2021,All ages,Both,Enteric infections,DALY rank,23,,
Kazakhstan,2021,All ages,Both,Enteric infections,"DALYs per 100,000",33.66343899710727,26.379896607528693,43.22472549542616
Poland,2021,All ages,Both,Enteric infections,DALY rank,22,,
Poland,2021,All ages,Both,Enteric infections,"DALYs per 100,000",47.08918932202003,42.899976547044616,51.233488409659564
Ukraine,2021,All ages,Both,Enteric infections,DALY rank,23,,
Ukraine,2021,All ages,Both,Enteric infections,"DALYs per 100,000",24.078791927509325,17.417853039071158,32.51202778836922
Japan,2021,All ages,Both,Enteric infections,DALY rank,18,,
Japan,2021,All ages,Both,Enteric infections,"DALYs per 100,000",103.73296352986958,81.64254007979447,130.4053463651934
Australia,2021,All ages,Both,Enteric infections,DALY rank,22,,
Australia,2021,All ages,Both,Enteric infections,"DALYs per 100,000",18.47400620573898,15.985917337265313,21.52395318035647
Germany,2021,All ages,Both,Enteric infections,DALY rank,19,,
Germany,2021,All ages,Both,Enteric infections,"DALYs per 100,000",84.91967470641622,72.88980614902769,98.13859043359412
Argentina,2021,All ages,Both,Enteric infections,DALY rank,22,,
Argentina,2021,All ages,Both,Enteric infections,"DALYs per 100,000",60.823976539036316,52.2237677826816,71.797056600089
United States of America,2021,All ages,Both,Enteric infections,DALY rank,22,,
United States of America,2021,All ages,Both,Enteric infections,"DALYs per 100,000",47.559249426612766,43.31710709246729,50.35302999708332
Cuba,2021,All ages,Both,Enteric infections,DALY rank,21,,
Cuba,2021,All ages,Both,Enteric infections,"DALYs per 100,000",112.20356066665909,92.0351102289849,139.79997124505596
Peru,2021,All ages,Both,Enteric infections,DALY rank,23,,
Peru,2021,All ages,Both,Enteric infections,"DALYs per 100,000",146.92196904797714,106.01134878091912,205.90637271880752
Mexico,2021,All ages,Both,Enteric infections,DALY rank,21,,
Mexico,2021,All ages,Both,Enteric infections,"DALYs per 100,000",149.46319807443018,130.8332928781202,173.49534368643543
Brazil,2021,All ages,Both,Enteric infections,DALY rank,22,,
Brazil,2021,All ages,Both,Enteric infections,"DALYs per 100,000",107.03777019030426,94.83019697928196,121.20836129997656
Egypt,2021,All ages,Both,Enteric infections,DALY rank,17,,
Egypt,2021,All ages,Both,Enteric infections,"DALYs per 100,000",345.8459643123494,260.73512364685155,457.934854418934
India,2021,All ages,Both,Enteric infections,DALY rank,10,,
India,2021,All ages,Both,Enteric infections,"DALYs per 100,000",1472.1065393998838,1102.671414701364,2075.212929811016
Angola,2021,All ages,Both,Enteric infections,DALY rank,10,,
Angola,2021,All ages,Both,Enteric infections,"DALYs per 100,000",1813.1931510861375,1292.893378431194,2358.5943895080804
Kenya,2021,All ages,Both,Enteric infections,DALY rank,5,,
Kenya,2021,All ages,Both,Enteric infections,"DALYs per 100,000",2091.3553774200245,1648.107000553651,2624.9713918518146
South Africa,2021,All ages,Both,Enteric infections,DALY rank,13,,
South Africa,2021,All ages,Both,Enteric infections,"DALYs per 100,000",1561.3010613082138,1251.684249047213,2010.0235722221082
Ghana,2021,All ages,Both,Enteric infections,DALY rank,11,,
Ghana,2021,All ages,Both,Enteric infections,"DALYs per 100,000",1267.9140236298,905.5051479891326,1721.1862078642837
China,2021,All ages,Both,Other infectious diseases,DALY rank,21,,
China,2021,All ages,Both,Other infectious diseases,"DALYs per 100,000",79.20415143128167,66.32059192883656,95.57448635808026
Indonesia,2021,All ages,Both,Other infectious diseases,DALY rank,19,,
Indonesia,2021,All ages,Both,Other infectious diseases,"DALYs per 100,000",398.84878596681756,321.4700164093939,475.8964313868394
Fiji,2021,All ages,Both,Other infectious diseases,DALY rank,21,,
Fiji,2021,All ages,Both,Other infectious diseases,"DALYs per 100,000",349.5759633127626,258.3596339490318,467.3564685470609
Kazakhstan,2021,All ages,Both,Other infectious diseases,DALY rank,20,,
Kazakhstan,2021,All ages,Both,Other infectious diseases,"DALYs per 100,000",185.19193442555746,159.01674080212555,220.19404779686107
Poland,2021,All ages,Both,Other infectious diseases,DALY rank,20,,
Poland,2021,All ages,Both,Other infectious diseases,"DALYs per 100,000",54.93273757189902,47.931574428019445,64.03703290073675
Ukraine,2021,All ages,Both,Other infectious diseases,DALY rank,21,,
Ukraine,2021,All ages,Both,Other infectious diseases,"DALYs per 100,000",145.99205031857707,122.28909482441736,172.00108200145584
Japan,2021,All ages,Both,Other infectious diseases,DALY rank,21,,
Japan,2021,All ages,Both,Other infectious diseases,"DALYs per 100,000",68.78622838958931,61.29404667231575,77.02510432938334
Australia,2021,All ages,Both,Other infectious diseases,DALY rank,20,,
Australia,2021,All ages,Both,Other infectious diseases,"DALYs per 100,000",53.554960977214115,48.895234535634,59.49052125699827
Germany,2021,All ages,Both,Other infectious diseases,DALY rank,20,,
Germany,2021,All ages,Both,Other infectious diseases,"DALYs per 100,000",60.68335734640909,55.800354338440016,66.10723504053479
Argentina,2021,All ages,Both,Other infectious diseases,DALY rank,20,,
Argentina,2021,All ages,Both,Other infectious diseases,"DALYs per 100,000",90.02245467452975,82.93665005894266,98.4972277736977
United States of America,2021,All ages,Both,Other infectious diseases,DALY rank,21,,
United States of America,2021,All ages,Both,Other infectious diseases,"DALYs per 100,000",71.09960194522716,65.90323328062586,77.1862069423671
Cuba,2021,All ages,Both,Other infectious diseases,DALY rank,22,,
Cuba,2021,All ages,Both,Other infectious diseases,"DALYs per 100,000",109.89074495951884,95.14809989561876,127.99028022049013
Peru,2021,All ages,Both,Other infectious diseases,DALY rank,22,,
Peru,2021,All ages,Both,Other infectious diseases,"DALYs per 100,000",171.54376445850747,112.09372858152405,318.12347931160633
Mexico,2021,All ages,Both,Other infectious diseases,DALY rank,23,,
Mexico,2021,All ages,Both,Other infectious diseases,"DALYs per 100,000",111.8785897708822,100.1000918931442,128.64352351150367
Brazil,2021,All ages,Both,Other infectious diseases,DALY rank,21,,
Brazil,2021,All ages,Both,Other infectious diseases,"DALYs per 100,000",128.83246155937204,114.26626369297175,146.80325200630364
Egypt,2021,All ages,Both,Other infectious diseases,DALY rank,20,,
Egypt,2021,All ages,Both,Other infectious diseases,"DALYs per 100,000",236.02900571156837,178.50162650190214,327.21681671904247
India,2021,All ages,Both,Other infectious diseases,DALY rank,19,,
India,2021,All ages,Both,Other infectious diseases,"DALYs per 100,000",598.95678554407,498.99787882164964,749.6193004367005
Angola,2021,All ages,Both,Other infectious diseases,DALY rank,9,,
Angola,2021,All ages,Both,Other infectious diseases,"DALYs per 100,000",1843.5041782723724,1011.0883340452723,3495.646334770639
Kenya,2021,All ages,Both,Other infectious diseases,DALY rank,13,,
Kenya,2021,All ages,Both,Other infectious diseases,"DALYs per 100,000",978.9757594440571,765.6077836657813,1251.0972826139207
South Africa,2021,All ages,Both,Other infectious diseases,DALY rank,20,,
South Africa,2021,All ages,Both,Other infectious diseases,"DALYs per 100,000",623.9114104658777,492.0922184350074,738.4909474593691
Ghana,2021,All ages,Both,Other infectious diseases,DALY rank,18,,
Ghana,2021,All ages,Both,Other infectious diseases,"DALYs per 100,000",886.3045074168346,650.3600935102992,1252.4925645313651
China,2021,All ages,Both,Maternal and neonatal disorders,DALY rank,16,,
China,2021,All ages,Both,Maternal and neonatal disorders,"DALYs per 100,000",330.1754226192982,282.1253938846789,381.20732952808675
Indonesia,2021,All ages,Both,Maternal and neonatal disorders,DALY rank,5,,
Indonesia,2021,All ages,Both,Maternal and neonatal disorders,"DALYs per 100,000",1744.8251554459425,1428.7245026179717,2069.836920827634
Fiji,2021,All ages,Both,Maternal and neonatal disorders,DALY rank,7,,
Fiji,2021,All ages,Both,Maternal and neonatal disorders,"DALYs per 100,000",1674.4592863425744,1314.9016518886478,2131.4631047390503
Kazakhstan,2021,All ages,Both,Maternal and neonatal disorders,DALY rank,14,,
Kazakhstan,2021,All ages,Both,Maternal and neonatal disorders,"DALYs per 100,000",973.4927298070301,834.4575128261099,1143.4323306481488
Poland,2021,All ages,Both,Maternal and neonatal disorders,DALY rank,18,,
Poland,2021,All ages,Both,Maternal and neonatal disorders,"DALYs per 100,000",254.17508534663057,210.6611386531637,298.5042693649747
Ukraine,2021,All ages,Both,Maternal and neonatal disorders,DALY rank,19,,
Ukraine,2021,All ages,Both,Maternal and neonatal disorders,"DALYs per 100,000",348.0318933165937,290.10017375620555,407.22743505177215
Japan,2021,All ages,Both,Maternal and neonatal disorders,DALY rank,16,,
Japan,2021,All ages,Both,Maternal and neonatal disorders,"DALYs per 100,000",156.9307338959496,121.58017140090799,192.88954223357004
Australia,2021,All ages,Both,Maternal and neonatal disorders,DALY rank,17,,
Australia,2021,All ages,Both,Maternal and neonatal disorders,"DALYs per 100,000",312.25221167824463,260.98427310116284,373.8060321744273
Germany,2021,All ages,Both,Maternal and neonatal disorders,DALY rank,16,,
Germany,2021,All ages,Both,Maternal and neonatal disorders,"DALYs per 100,000",338.11180362641875,273.1650578647339,407.23743604079675
Argentina,2021,All ages,Both,Maternal and neonatal disorders,DALY rank,13,,
Argentina,2021,All ages,Both,Maternal and neonatal disorders,"DALYs per 100,000",733.3391043928957,611.7500440205528,864.0606908243236
United States of America,2021,All ages,Both,Maternal and neonatal disorders,DALY rank,17,,
United States of America,2021,All ages,Both,Maternal and neonatal disorders,"DALYs per 100,000",461.0889843371044,405.7328973173216,515.5356660845604
Cuba,2021,All ages,Both,Maternal and neonatal disorders,DALY rank,18,,
Cuba,2021,All ages,Both,Maternal and neonatal disorders,"DALYs per 100,000",332.1126092264758,278.0977962427287,389.51460308342433
Peru,2021,All ages,Both,Maternal and neonatal disorders,DALY rank,11,,
Peru,2021,All ages,Both,Maternal and neonatal disorders,"DALYs per 100,000",1227.056198274627,939.0725677356202,1533.9202352319107
Mexico,2021,All ages,Both,Maternal and neonatal disorders,DALY rank,13,,
Mexico,2021,All ages,Both,Maternal and neonatal disorders,"DALYs per 100,000",1080.16245360595,912.8163430044249,1261.1620343956831
Brazil,2021,All ages,Both,Maternal and neonatal disorders,DALY rank,12,,
Brazil,2021,All ages,Both,Maternal and neonatal disorders,"DALYs per 100,000",1100.1095008927177,929.1961870062922,1287.1265054388323
Egypt,2021,All ages,Both,Maternal and neonatal disorders,DALY rank,11,,
Egypt,2021,All ages,Both,Maternal and neonatal disorders,"DALYs per 100,000",917.5353036723656,747.6927703738223,1102.2063441166667
India,2021,All ages,Both,Maternal and neonatal disorders,DALY rank,3,,
India,2021,All ages,Both,Maternal and neonatal disorders,"DALYs per 100,000",3053.217237456523,2581.1155217513337,3657.6337795435816
Angola,2021,All ages,Both,Maternal and neonatal disorders,DALY rank,2,,
Angola,2021,All ages,Both,Maternal and neonatal disorders,"DALYs per 100,000",6689.674253629306,5552.176815824011,7877.767575037085
Kenya,2021,All ages,Both,Maternal and neonatal disorders,DALY rank,3,,
Kenya,2021,All ages,Both,Maternal and neonatal disorders,"DALYs per 100,000",3597.369039822863,2993.4694708260013,4348.856970099218
South Africa,2021,All ages,Both,Maternal and neonatal disorders,DALY rank,7,,
South Africa,2021,All ages,Both,Maternal and neonatal disorders,"DALYs per 100,000",3045.114799614986,2577.3855308519883,3641.7699435827276
Ghana,2021,All ages,Both,Maternal and neonatal disorders,DALY rank,2,,
Ghana,2021,All ages,Both,Maternal and neonatal disorders,"DALYs per 100,000",5272.167318043523,4114.429199232421,6762.035715057716
China,2021,All ages,Both,Substance use disorders,DALY rank,17,,
China,2021,All ages,Both,Substance use disorders,"DALYs per 100,000",304.7458590984083,234.42398136479824,378.66173616377785
Indonesia,2021,All ages,Both,Substance use disorders,DALY rank,23,,
Indonesia,2021,All ages,Both,Substance use disorders,"DALYs per 100,000",108.18227088745064,79.50651144641235,140.8627142811222
Fiji,2021,All ages,Both,Substance use disorders,DALY rank,23,,
Fiji,2021,All ages,Both,Substance use disorders,"DALYs per 100,000",130.1980083899738,93.3931258672497,171.90570865657182
Kazakhstan,2021,All ages,Both,Substance use disorders,DALY rank,15,,
Kazakhstan,2021,All ages,Both,Substance use disorders,"DALYs per 100,000",930.590799634909,745.5545793992749,1157.8545555106846
Poland,2021,All ages,Both,Substance use disorders,DALY rank,14,,
Poland,2021,All ages,Both,Substance use disorders,"DALYs per 100,000",965.7044953183549,818.5890658130511,1143.8957538157067
Ukraine,2021,All ages,Both,Substance use disorders,DALY rank,13,,
Ukraine,2021,All ages,Both,Substance use disorders,"DALYs per 100,000",1114.228682758217,883.8077021861807,1359.2353982666175
Japan,2021,All ages,Both,Substance use disorders,DALY rank,17,,
Japan,2021,All ages,Both,Substance use disorders,"DALYs per 100,000",139.13329501213158,104.78968519681791,175.72723390191976
Australia,2021,All ages,Both,Substance use disorders,DALY rank,11,,
Australia,2021,All ages,Both,Substance use disorders,"DALYs per 100,000",761.5258320359186,629.9764882262969,902.5549123413317
Germany,2021,All ages,Both,Substance use disorders,DALY rank,14,,
Germany,2021,All ages,Both,Substance use disorders,"DALYs per 100,000",653.2238928504195,543.8163291634901,777.8357910143532
Argentina,2021,All ages,Both,Substance use disorders,DALY rank,17,,
Argentina,2021,All ages,Both,Substance use disorders,"DALYs per 100,000",352.906352931646,259.0677153392877,469.0523322651993
United States of America,2021,All ages,Both,Substance use disorders,DALY rank,7,,
United States of America,2021,All ages,Both,Substance use disorders,"DALYs per 100,000",2365.060039551435,2012.4848888605613,2720.240015795745
Cuba,2021,All ages,Both,Substance use disorders,DALY rank,17,,
Cuba,2021,All ages,Both,Substance use disorders,"DALYs per 100,000",471.3638005243854,387.3863068642405,573.6418086623776
Peru,2021,All ages,Both,Substance use disorders,DALY rank,21,,
Peru,2021,All ages,Both,Substance use disorders,"DALYs per 100,000",229.89487353917295,179.24903071973785,290.85570849442996
Mexico,2021,All ages,Both,Substance use disorders,DALY rank,18,,
Mexico,2021,All ages,Both,Substance use disorders,"DALYs per 100,000",342.1164564732178,270.4714142010122,422.2428187480091
Brazil,2021,All ages,Both,Substance use disorders,DALY rank,17,,
Brazil,2021,All ages,Both,Substance use disorders,"DALYs per 100,000",562.1378294258101,449.62724123377114,694.4231396085693
Egypt,2021,All ages,Both,Substance use disorders,DALY rank,21,,
Egypt,2021,All ages,Both,Substance use disorders,"DALYs per 100,000",131.76007986098344,92.36236795648512,169.9766522998268
India,2021,All ages,Both,Substance use disorders,DALY rank,22,,
India,2021,All ages,Both,Substance use disorders,"DALYs per 100,000",271.11086415874183,212.53635462208322,333.9587796471434
Angola,2021,All ages,Both,Substance use disorders,DALY rank,23,,
Angola,2021,All ages,Both,Substance use disorders,"DALYs per 100,000",163.80881765812833,123.80675844497206,208.09501760757286
Kenya,2021,All ages,Both,Substance use disorders,DALY rank,23,,
Kenya,2021,All ages,Both,Substance use disorders,"DALYs per 100,000",127.38521852282683,101.08933861145233,158.31021627914785
South Africa,2021,All ages,Both,Substance use disorders,DALY rank,22,,
South Africa,2021,All ages,Both,Substance use disorders,"DALYs per 100,000",418.6673537863373,332.39568231676134,520.2924654977986
Ghana,2021,All ages,Both,Substance use disorders,DALY rank,23,,
Ghana,2021,All ages,Both,Substance use disorders,"DALYs per 100,000",129.19764737989996,99.64811807333456,162.0411735169111
China,2021,All ages,Both,Diabetes and kidney diseases,DALY rank,8,,
China,2021,All ages,Both,Diabetes and kidney diseases,"DALYs per 100,000",1264.5504506016723,1040.6729950031884,1539.1191927870107
Indonesia,2021,All ages,Both,Diabetes and kidney diseases,DALY rank,7,,
Indonesia,2021,All ages,Both,Diabetes and kidney diseases,"DALYs per 100,000",1698.0549937294506,1451.108894771983,1966.6093200962462
Fiji,2021,All ages,Both,Diabetes and kidney diseases,DALY rank,2,,
Fiji,2021,All ages,Both,Diabetes and kidney diseases,"DALYs per 100,000",7594.152737352905,6078.179956127348,9468.399178494743
Kazakhstan,2021,All ages,Both,Diabetes and kidney diseases,DALY rank,13,,
Kazakhstan,2021,All ages,Both,Diabetes and kidney diseases,"DALYs per 100,000",1172.697316605767,962.9397605474887,1422.8610436618937
Poland,2021,All ages,Both,Diabetes and kidney diseases,DALY rank,9,,
Poland,2021,All ages,Both,Diabetes and kidney diseases,"DALYs per 100,000",1715.1830162520314,1415.0691953621365,2078.209791866136
Ukraine,2021,All ages,Both,Diabetes and kidney diseases,DALY rank,14,,
Ukraine,2021,All ages,Both,Diabetes and kidney diseases,"DALYs per 100,000",925.4919019027967,708.591605510068,1166.4055011771015
Japan,2021,All ages,Both,Diabetes and kidney diseases,DALY rank,5,,
Japan,2021,All ages,Both,Diabetes and kidney diseases,"DALYs per 100,000",1815.322090016812,1474.301454056696,2248.383050651253
Australia,2021,All ages,Both,Diabetes and kidney diseases,DALY rank,9,,
Australia,2021,All ages,Both,Diabetes and kidney diseases,"DALYs per 100,000",1115.8793702612093,936.9963169753935,1338.3015189655762
Germany,2021,All ages,Both,Diabetes and kidney diseases,DALY rank,7,,
Germany,2021,All ages,Both,Diabetes and kidney diseases,"DALYs per 100,000",1691.100602306918,1451.894814191383,1963.4214127977828
Argentina,2021,All ages,Both,Diabetes and kidney diseases,DALY rank,6,,
Argentina,2021,All ages,Both,Diabetes and kidney diseases,"DALYs per 100,000",1634.2034387017625,1451.7388141221197,1854.3847913217296
United States of America,2021,All ages,Both,Diabetes and kidney diseases,DALY rank,6,,
United States of America,2021,All ages,Both,Diabetes and kidney diseases,"DALYs per 100,000",2421.2783597910357,2060.390668111609,2849.96490048024
Cuba,2021,All ages,Both,Diabetes and kidney diseases,DALY rank,6,,
Cuba,2021,All ages,Both,Diabetes and kidney diseases,"DALYs per 100,000",2008.0693455432854,1672.8551427127245,2431.22038900245
Peru,2021,All ages,Both,Diabetes and kidney diseases,DALY rank,8,,
Peru,2021,All ages,Both,Diabetes and kidney diseases,"DALYs per 100,000",1352.7315642855085,1099.2708408178855,1653.3384031516302
Mexico,2021,All ages,Both,Diabetes and kidney diseases,DALY rank,2,,
Mexico,2021,All ages,Both,Diabetes and kidney diseases,"DALYs per 100,000",3956.0489017747136,3513.70835101788,4540.430727595069
Brazil,2021,All ages,Both,Diabetes and kidney diseases,DALY rank,8,,
Brazil,2021,All ages,Both,Diabetes and kidney diseases,"DALYs per 100,000",1817.3227893320707,1601.1956987974258,2067.086188367928
Egypt,2021,All ages,Both,Diabetes and kidney diseases,DALY rank,5,,
Egypt,2021,All ages,Both,Diabetes and kidney diseases,"DALYs per 100,000",2028.7035235232804,1730.0822320121972,2403.942285842967
India,2021,All ages,Both,Diabetes and kidney diseases,DALY rank,11,,
India,2021,All ages,Both,Diabetes and kidney diseases,"DALYs per 100,000",1425.2255560097253,1242.657367597368,1622.4315909849254
Angola,2021,All ages,Both,Diabetes and kidney diseases,DALY rank,14,,
Angola,2021,All ages,Both,Diabetes and kidney diseases,"DALYs per 100,000",1193.8916898180032,957.8448629176249,1497.435185025805
Kenya,2021,All ages,Both,Diabetes and kidney diseases,DALY rank,14,,
Kenya,2021,All ages,Both,Diabetes and kidney diseases,"DALYs per 100,000",956.6893889200167,818.9484131043347,1130.4679173433274
South Africa,2021,All ages,Both,Diabetes and kidney diseases,DALY rank,8,,
South Africa,2021,All ages,Both,Diabetes and kidney diseases,"DALYs per 100,000",2551.4759166898134,2329.4937917060206,2794.8728934352375
Ghana,2021,All ages,Both,Diabetes and kidney diseases,DALY rank,8,,
Ghana,2021,All ages,Both,Diabetes and kidney diseases,"DALYs per 100,000",1509.249836955458,1243.8310668867803,1834.8877010398924
China,2021,All ages,Both,Other COVID-19 pandemic-related outcomes,DALY rank,23,,
China,2021,All ages,Both,Other COVID-19 pandemic-related outcomes,"DALYs per 100,000",21.5126970065775,4.043058820866623,92.45501948161964
Indonesia,2021,All ages,Both,Other COVID-19 pandemic-related outcomes,DALY rank,10,,
Indonesia,2021,All ages,Both,Other COVID-19 pandemic-related outcomes,"DALYs per 100,000",1460.1198914188033,43.41019013224901,4948.494816272161
Fiji,2021,All ages,Both,Other COVID-19 pandemic-related outcomes,DALY rank,5,,
Fiji,2021,All ages,Both,Other COVID-19 pandemic-related outcomes,"DALYs per 100,000",2114.7416050573365,74.70557237348784,8003.668551597337
Kazakhstan,2021,All ages,Both,Other COVID-19 pandemic-related outcomes,DALY rank,4,,
Kazakhstan,2021,All ages,Both,Other COVID-19 pandemic-related outcomes,"DALYs per 100,000",1956.9810948048917,291.0280277533754,3434.2389084744145
Poland,2021,All ages,Both,Other COVID-19 pandemic-related outcomes,DALY rank,11,,
Poland,2021,All ages,Both,Other COVID-19 pandemic-related outcomes,"DALYs per 100,000",1191.6690556398198,49.82333615572506,2527.221475688403
Ukraine,2021,All ages,Both,Other COVID-19 pandemic-related outcomes,DALY rank,9,,
Ukraine,2021,All ages,Both,Other COVID-19 pandemic-related outcomes,"DALYs per 100,000",1814.9210458093125,93.69108898781086,3907.7927750547055
Japan,2021,All ages,Both,Other COVID-19 pandemic-related outcomes,DALY rank,20,,
Japan,2021,All ages,Both,Other COVID-19 pandemic-related outcomes,"DALYs per 100,000",84.37330832368818,28.845562191662992,152.3009006107385
Australia,2021,All ages,Both,Other COVID-19 pandemic-related outcomes,DALY rank,18,,
Australia,2021,All ages,Both,Other COVID-19 pandemic-related outcomes,"DALYs per 100,000",111.15576769834881,34.2737296846262,184.6095433692816
Germany,2021,All ages,Both,Other COVID-19 pandemic-related outcomes,DALY rank,22,,
Germany,2021,All ages,Both,Other COVID-19 pandemic-related outcomes,"DALYs per 100,000",23.95213331788875,1.687770196350703,54.692357192902755
Argentina,2021,All ages,Both,Other COVID-19 pandemic-related outcomes,DALY rank,23,,
Argentina,2021,All ages,Both,Other COVID-19 pandemic-related outcomes,"DALYs per 100,000",2.822286298730037,5.708688786535737e-10,14.606023565221353
United States of America,2021,All ages,Both,Other COVID-19 pandemic-related outcomes,DALY rank,18,,
United States of America,2021,All ages,Both,Other COVID-19 pandemic-related outcomes,"DALYs per 100,000",403.710153905145,275.9862138656058,546.0997355535734
Cuba,2021,All ages,Both,Other COVID-19 pandemic-related outcomes,DALY rank,7,,
Cuba,2021,All ages,Both,Other COVID-19 pandemic-related outcomes,"DALYs per 100,000",1762.2400003304738,58.95942838934553,4090.4624291176765
Peru,2021,All ages,Both,Other COVID-19 pandemic-related outcomes,DALY rank,2,,
Peru,2021,All ages,Both,Other COVID-19 pandemic-related outcomes,"DALYs per 100,000",2621.812387279116,2345.165351018565,2901.860050156395
Mexico,2021,All ages,Both,Other COVID-19 pandemic-related outcomes,DALY rank,10,,
Mexico,2021,All ages,Both,Other COVID-19 pandemic-related outcomes,"DALYs per 100,000",1563.1069549075157,525.1031612517922,2530.198454846531
Brazil,2021,All ages,Both,Other COVID-19 pandemic-related outcomes,DALY rank,23,,
Brazil,2021,All ages,Both,Other COVID-19 pandemic-related outcomes,"DALYs per 100,000",14.823351109734757,1.1860183546127155e-10,88.30073168728708
Egypt,2021,All ages,Both,Other COVID-19 pandemic-related outcomes,DALY rank,9,,
Egypt,2021,All ages,Both,Other COVID-19 pandemic-related outcomes,"DALYs per 100,000",1331.493289334125,96.24764482356045,2842.115768498953
India,2021,All ages,Both,Other COVID-19 pandemic-related outcomes,DALY rank,13,,
India,2021,All ages,Both,Other COVID-19 pandemic-related outcomes,"DALYs per 100,000",1214.0333422219444,927.5346918698762,1507.5314923301376
Angola,2021,All ages,Both,Other COVID-19 pandemic-related outcomes,DALY rank,11,,
Angola,2021,All ages,Both,Other COVID-19 pandemic-related outcomes,"DALYs per 100,000",1708.3725669664877,349.45658752669254,3275.3292564008
Kenya,2021,All ages,Both,Other COVID-19 pandemic-related outcomes,DALY rank,8,,
Kenya,2021,All ages,Both,Other COVID-19 pandemic-related outcomes,"DALYs per 100,000",1655.102234737986,1083.1081378339932,2264.7626584084596
South Africa,2021,All ages,Both,Other COVID-19 pandemic-related outcomes,DALY rank,5,,
South Africa,2021,All ages,Both,Other COVID-19 pandemic-related outcomes,"DALYs per 100,000",3108.9824463213818,2827.9715938559575,3482.612534212645
Ghana,2021,All ages,Both,Other COVID-19 pandemic-related outcomes,DALY rank,10,,
Ghana,2021,All ages,Both,Other COVID-19 pandemic-related outcomes,"DALYs per 100,000",1303.6549939769936,516.8720445804521,2097.1279568228183

"Institute for Health Metrics and Evaluation (IHME). GBD Compare Data Visualization. Global Burden of Disease (GBD) Study 2021. Seattle, WA: IHME, University of Washington, 2023. Available from http://vizhub.healthdata.org/gbd-compare. (Accessed 5/15/2025). For terms and conditions of use, please visit http://www.healthdata.org/about/terms-and-conditions"